trial,testing,parameters,initial_deadline,final_deadline,net_reward,actions,success
1,False,"{'a': 0.4, 'e': 0.991}",25,0,-60.0431541002056,"{0: 18, 1: 4, 2: 2, 3: 0, 4: 1}",0
2,False,"{'a': 0.4, 'e': 0.982081}",20,0,-67.97379912934579,"{0: 12, 1: 2, 2: 5, 3: 1, 4: 0}",0
3,False,"{'a': 0.4, 'e': 0.9732422709999999}",20,0,-81.25856599216412,"{0: 14, 1: 1, 2: 3, 3: 1, 4: 1}",0
4,False,"{'a': 0.4, 'e': 0.9644830905609999}",30,0,-86.40863773032221,"{0: 21, 1: 2, 2: 6, 3: 0, 4: 1}",0
5,False,"{'a': 0.4, 'e': 0.9558027427459509}",30,0,-91.19921033217992,"{0: 17, 1: 5, 2: 7, 3: 1, 4: 0}",0
6,False,"{'a': 0.4, 'e': 0.9472005180612373}",25,0,-122.33618985719575,"{0: 13, 1: 1, 2: 9, 3: 2, 4: 0}",0
7,False,"{'a': 0.4, 'e': 0.9386757133986862}",25,0,-30.420090947785027,"{0: 19, 1: 2, 2: 4, 3: 0, 4: 0}",0
8,False,"{'a': 0.4, 'e': 0.930227631978098}",20,0,-66.53174953617798,"{0: 12, 1: 0, 2: 8, 3: 0, 4: 0}",0
9,False,"{'a': 0.4, 'e': 0.9218555832902952}",30,5,-83.03974677581982,"{0: 19, 1: 1, 2: 3, 3: 0, 4: 2}",1
10,False,"{'a': 0.4, 'e': 0.9135588830406824}",25,0,-123.75094582833772,"{0: 12, 1: 5, 2: 7, 3: 0, 4: 1}",0
11,False,"{'a': 0.4, 'e': 0.9053368530933164}",30,1,-116.87454168505876,"{0: 19, 1: 2, 2: 5, 3: 2, 4: 1}",1
12,False,"{'a': 0.4, 'e': 0.8971888214154765}",25,0,-182.6771232399853,"{0: 14, 1: 3, 2: 4, 3: 1, 4: 3}",0
13,False,"{'a': 0.4, 'e': 0.8891141220227372}",30,0,-209.3477598770703,"{0: 16, 1: 3, 2: 7, 3: 1, 4: 3}",0
14,False,"{'a': 0.4, 'e': 0.8811120949245326}",20,0,-72.423713448006,"{0: 12, 1: 1, 2: 6, 3: 1, 4: 0}",0
15,False,"{'a': 0.4, 'e': 0.8731820860702117}",25,0,-13.388682248193582,"{0: 22, 1: 0, 2: 2, 3: 1, 4: 0}",0
16,False,"{'a': 0.4, 'e': 0.8653234472955799}",30,0,-245.67560964680973,"{0: 14, 1: 3, 2: 9, 3: 0, 4: 4}",0
17,False,"{'a': 0.4, 'e': 0.8575355362699196}",20,0,-146.8759411600493,"{0: 11, 1: 4, 2: 2, 3: 0, 4: 3}",0
18,False,"{'a': 0.4, 'e': 0.8498177164434904}",20,0,-43.98267585144621,"{0: 13, 1: 2, 2: 5, 3: 0, 4: 0}",0
19,False,"{'a': 0.4, 'e': 0.842169356995499}",20,0,-122.4986758024063,"{0: 13, 1: 1, 2: 3, 3: 1, 4: 2}",0
20,False,"{'a': 0.4, 'e': 0.8345898327825395}",20,0,-166.5486216980188,"{0: 9, 1: 0, 2: 8, 3: 1, 4: 2}",0
21,False,"{'a': 0.4, 'e': 0.8270785242874966}",20,0,-73.2289756152361,"{0: 14, 1: 2, 2: 2, 3: 1, 4: 1}",0
22,False,"{'a': 0.4, 'e': 0.8196348175689091}",20,0,-98.32163706022101,"{0: 14, 1: 1, 2: 3, 3: 0, 4: 2}",0
23,False,"{'a': 0.4, 'e': 0.8122581042107889}",20,0,-97.03541531432926,"{0: 13, 1: 2, 2: 2, 3: 2, 4: 1}",0
24,False,"{'a': 0.4, 'e': 0.8049477812728918}",20,0,-66.24083968127495,"{0: 10, 1: 4, 2: 6, 3: 0, 4: 0}",0
25,False,"{'a': 0.4, 'e': 0.7977032512414358}",25,0,-159.81704161739484,"{0: 16, 1: 0, 2: 5, 3: 2, 4: 2}",0
26,False,"{'a': 0.4, 'e': 0.7905239219802629}",35,10,-150.45854863806755,"{0: 16, 1: 2, 2: 3, 3: 1, 4: 3}",1
27,False,"{'a': 0.4, 'e': 0.7834092066824405}",20,0,-156.92488324400023,"{0: 12, 1: 2, 2: 2, 3: 1, 4: 3}",0
28,False,"{'a': 0.4, 'e': 0.7763585238222985}",20,0,-100.48921262172536,"{0: 12, 1: 5, 2: 1, 3: 0, 4: 2}",0
29,False,"{'a': 0.4, 'e': 0.7693712971078979}",25,0,-64.54323620070942,"{0: 17, 1: 5, 2: 2, 3: 0, 4: 1}",0
30,False,"{'a': 0.4, 'e': 0.7624469554339268}",20,0,-69.16372722222455,"{0: 15, 1: 1, 2: 2, 3: 1, 4: 1}",0
31,False,"{'a': 0.4, 'e': 0.7555849328350215}",20,0,-54.61777585637642,"{0: 13, 1: 6, 2: 0, 3: 0, 4: 1}",0
32,False,"{'a': 0.4, 'e': 0.7487846684395063}",20,12,-50.53706853827287,"{0: 5, 1: 0, 2: 2, 3: 0, 4: 1}",1
33,False,"{'a': 0.4, 'e': 0.7420456064235508}",30,0,-87.58872834721807,"{0: 21, 1: 3, 2: 4, 3: 1, 4: 1}",0
34,False,"{'a': 0.4, 'e': 0.7353671959657389}",30,0,-55.12083007718127,"{0: 22, 1: 6, 2: 1, 3: 0, 4: 1}",0
35,False,"{'a': 0.4, 'e': 0.7287488912020472}",35,0,-178.68686321972206,"{0: 22, 1: 2, 2: 7, 3: 2, 4: 2}",0
36,False,"{'a': 0.4, 'e': 0.7221901511812288}",25,0,-22.91951033393667,"{0: 19, 1: 2, 2: 4, 3: 0, 4: 0}",0
37,False,"{'a': 0.4, 'e': 0.7156904398205977}",20,0,-87.09120163891437,"{0: 15, 1: 0, 2: 3, 3: 0, 4: 2}",0
38,False,"{'a': 0.4, 'e': 0.7092492258622123}",25,2,-79.80396627976737,"{0: 15, 1: 2, 2: 5, 3: 0, 4: 1}",1
39,False,"{'a': 0.4, 'e': 0.7028659828294523}",30,0,-111.12460098088953,"{0: 21, 1: 4, 2: 2, 3: 1, 4: 2}",0
40,False,"{'a': 0.4, 'e': 0.6965401889839873}",20,0,-106.39082075162825,"{0: 9, 1: 4, 2: 6, 3: 0, 4: 1}",0
41,False,"{'a': 0.4, 'e': 0.6902713272831315}",20,4,-50.88594138830542,"{0: 11, 1: 3, 2: 1, 3: 0, 4: 1}",1
42,False,"{'a': 0.4, 'e': 0.6840588853375833}",30,0,-96.60062390797478,"{0: 21, 1: 0, 2: 7, 3: 1, 4: 1}",0
43,False,"{'a': 0.4, 'e': 0.677902355369545}",30,9,3.429063314596178,"{0: 18, 1: 1, 2: 2, 3: 0, 4: 0}",1
44,False,"{'a': 0.4, 'e': 0.6718012341712191}",25,0,-25.347552337533966,"{0: 19, 1: 3, 2: 3, 3: 0, 4: 0}",0
45,False,"{'a': 0.4, 'e': 0.6657550230636781}",25,0,-44.99818206198179,"{0: 19, 1: 1, 2: 4, 3: 1, 4: 0}",0
46,False,"{'a': 0.4, 'e': 0.659763227856105}",25,14,-2.172858185448832,"{0: 9, 1: 1, 2: 1, 3: 0, 4: 0}",1
47,False,"{'a': 0.4, 'e': 0.6538253588054}",20,0,-52.96464520808305,"{0: 14, 1: 3, 2: 2, 3: 0, 4: 1}",0
48,False,"{'a': 0.4, 'e': 0.6479409305761514}",20,0,-31.459770362840516,"{0: 14, 1: 2, 2: 4, 3: 0, 4: 0}",0
49,False,"{'a': 0.4, 'e': 0.6421094622009661}",20,7,-10.702204445234582,"{0: 9, 1: 3, 2: 1, 3: 0, 4: 0}",1
50,False,"{'a': 0.4, 'e': 0.6363304770411574}",20,11,-51.56976942757574,"{0: 6, 1: 0, 2: 2, 3: 0, 4: 1}",1
51,False,"{'a': 0.4, 'e': 0.630603502747787}",20,0,-51.266287146380684,"{0: 14, 1: 2, 2: 2, 3: 2, 4: 0}",0
52,False,"{'a': 0.4, 'e': 0.6249280712230569}",25,3,-68.9737878241076,"{0: 15, 1: 3, 2: 2, 3: 1, 4: 1}",1
53,False,"{'a': 0.4, 'e': 0.6193037185820495}",25,0,-125.50256707937312,"{0: 15, 1: 2, 2: 5, 3: 2, 4: 1}",0
54,False,"{'a': 0.4, 'e': 0.613729985114811}",25,0,-160.2319732427105,"{0: 15, 1: 2, 2: 5, 3: 0, 4: 3}",0
55,False,"{'a': 0.4, 'e': 0.6082064152487777}",25,11,-9.920421427792167,"{0: 11, 1: 0, 2: 3, 3: 0, 4: 0}",1
56,False,"{'a': 0.4, 'e': 0.6027325575115388}",30,0,-91.04391753180774,"{0: 21, 1: 3, 2: 4, 3: 1, 4: 1}",0
57,False,"{'a': 0.4, 'e': 0.5973079644939349}",30,8,-74.20672875287693,"{0: 15, 1: 1, 2: 5, 3: 0, 4: 1}",1
58,False,"{'a': 0.4, 'e': 0.5919321928134894}",20,0,-95.66757047735535,"{0: 14, 1: 1, 2: 3, 3: 0, 4: 2}",0
59,False,"{'a': 0.4, 'e': 0.586604803078168}",20,0,-69.8936691523357,"{0: 14, 1: 2, 2: 2, 3: 1, 4: 1}",0
60,False,"{'a': 0.4, 'e': 0.5813253598504645}",25,14,6.299383499837628,"{0: 10, 1: 0, 2: 1, 3: 0, 4: 0}",1
61,False,"{'a': 0.4, 'e': 0.5760934316118104}",20,0,-79.66558727778417,"{0: 12, 1: 3, 2: 4, 3: 0, 4: 1}",0
62,False,"{'a': 0.4, 'e': 0.570908590727304}",20,0,26.57106746245479,"{0: 19, 1: 1, 2: 0, 3: 0, 4: 0}",0
63,False,"{'a': 0.4, 'e': 0.5657704134107583}",30,0,-79.95060854040352,"{0: 19, 1: 3, 2: 7, 3: 1, 4: 0}",0
64,False,"{'a': 0.4, 'e': 0.5606784796900615}",30,0,-128.55356404783282,"{0: 20, 1: 2, 2: 6, 3: 0, 4: 2}",0
65,False,"{'a': 0.4, 'e': 0.5556323733728509}",25,19,-0.8586952731212834,"{0: 5, 1: 0, 2: 1, 3: 0, 4: 0}",1
66,False,"{'a': 0.4, 'e': 0.5506316820124952}",25,1,-87.88273909450959,"{0: 17, 1: 3, 2: 2, 3: 0, 4: 2}",1
67,False,"{'a': 0.4, 'e': 0.5456759968743827}",20,0,-81.76330345766728,"{0: 12, 1: 4, 2: 2, 3: 1, 4: 1}",0
68,False,"{'a': 0.4, 'e': 0.5407649129025133}",20,0,-0.8980360756874035,"{0: 19, 1: 0, 2: 0, 3: 1, 4: 0}",0
69,False,"{'a': 0.4, 'e': 0.5358980286863907}",25,0,-35.90273899838323,"{0: 21, 1: 2, 2: 1, 3: 0, 4: 1}",0
70,False,"{'a': 0.4, 'e': 0.5310749464282132}",30,22,1.6009761230635757,"{0: 6, 1: 2, 2: 0, 3: 0, 4: 0}",1
71,False,"{'a': 0.4, 'e': 0.5262952719103593}",20,0,-71.10966127228396,"{0: 16, 1: 0, 2: 1, 3: 2, 4: 1}",0
72,False,"{'a': 0.4, 'e': 0.5215586144631661}",30,20,-6.356357640045071,"{0: 9, 1: 0, 2: 0, 3: 1, 4: 0}",1
73,False,"{'a': 0.4, 'e': 0.5168645869329976}",25,8,-39.091049333899164,"{0: 14, 1: 0, 2: 2, 3: 0, 4: 1}",1
74,False,"{'a': 0.4, 'e': 0.5122128056506007}",25,5,5.072828146095752,"{0: 17, 1: 2, 2: 1, 3: 0, 4: 0}",1
75,False,"{'a': 0.4, 'e': 0.5076028903997453}",20,13,-2.217473462352014,"{0: 6, 1: 0, 2: 1, 3: 0, 4: 0}",1
76,False,"{'a': 0.4, 'e': 0.5030344643861475}",25,13,8.542013200456353,"{0: 11, 1: 0, 2: 1, 3: 0, 4: 0}",1
77,False,"{'a': 0.4, 'e': 0.4985071542066722}",35,17,-22.710137753279678,"{0: 13, 1: 2, 2: 3, 3: 0, 4: 0}",1
78,False,"{'a': 0.4, 'e': 0.49402058981881214}",20,0,-107.30695234625605,"{0: 14, 1: 0, 2: 2, 3: 3, 4: 1}",0
79,False,"{'a': 0.4, 'e': 0.4895744045104428}",25,19,9.664785929812943,"{0: 6, 1: 0, 2: 0, 3: 0, 4: 0}",1
80,False,"{'a': 0.4, 'e': 0.48516823486984884}",20,0,-122.89143765853956,"{0: 11, 1: 2, 2: 5, 3: 0, 4: 2}",0
81,False,"{'a': 0.4, 'e': 0.4808017207560202}",30,18,21.564180888734885,"{0: 12, 1: 0, 2: 0, 3: 0, 4: 0}",1
82,False,"{'a': 0.4, 'e': 0.476474505269216}",20,0,-71.10587188809171,"{0: 13, 1: 4, 2: 1, 3: 1, 4: 1}",0
83,False,"{'a': 0.4, 'e': 0.47218623472179305}",35,15,-71.13284071151476,"{0: 12, 1: 4, 2: 3, 3: 0, 4: 1}",1
84,False,"{'a': 0.4, 'e': 0.4679365586092969}",30,12,-147.20097142992498,"{0: 11, 1: 1, 2: 2, 3: 1, 4: 3}",1
85,False,"{'a': 0.4, 'e': 0.4637251295818132}",30,21,19.15639524020553,"{0: 9, 1: 0, 2: 0, 3: 0, 4: 0}",1
86,False,"{'a': 0.4, 'e': 0.4595516034155769}",30,14,21.502306908627975,"{0: 15, 1: 1, 2: 0, 3: 0, 4: 0}",1
87,False,"{'a': 0.4, 'e': 0.45541563898483667}",25,15,7.125932943875338,"{0: 9, 1: 0, 2: 1, 3: 0, 4: 0}",1
88,False,"{'a': 0.4, 'e': 0.45131689823397314}",20,11,-19.538350759641872,"{0: 7, 1: 0, 2: 1, 3: 1, 4: 0}",1
89,False,"{'a': 0.4, 'e': 0.4472550461498674}",30,0,-49.46761336820256,"{0: 24, 1: 1, 2: 4, 3: 0, 4: 1}",0
90,False,"{'a': 0.4, 'e': 0.4432297507345186}",20,2,-20.19032512313144,"{0: 14, 1: 2, 2: 1, 3: 1, 4: 0}",1
91,False,"{'a': 0.4, 'e': 0.4392406829779079}",25,6,-11.681802627966643,"{0: 15, 1: 2, 2: 1, 3: 1, 4: 0}",1
92,False,"{'a': 0.4, 'e': 0.4352875168311067}",20,9,-2.9154651455146623,"{0: 10, 1: 0, 2: 0, 3: 1, 4: 0}",1
93,False,"{'a': 0.4, 'e': 0.43136992917962674}",30,15,-39.90496543370316,"{0: 12, 1: 0, 2: 2, 3: 0, 4: 1}",1
94,False,"{'a': 0.4, 'e': 0.4274875998170101}",30,0,-25.187202085543653,"{0: 24, 1: 2, 2: 3, 3: 1, 4: 0}",0
95,False,"{'a': 0.4, 'e': 0.42364021141865704}",25,11,-36.03356907651255,"{0: 11, 1: 1, 2: 1, 3: 0, 4: 1}",1
96,False,"{'a': 0.4, 'e': 0.41982744951588913}",30,0,-9.35770935159342,"{0: 28, 1: 0, 2: 1, 3: 0, 4: 1}",0
97,False,"{'a': 0.4, 'e': 0.4160490024702461}",25,14,-32.96013265892855,"{0: 7, 1: 1, 2: 2, 3: 1, 4: 0}",1
98,False,"{'a': 0.4, 'e': 0.4123045614480139}",25,0,8.262691652190641,"{0: 22, 1: 1, 2: 2, 3: 0, 4: 0}",0
99,False,"{'a': 0.4, 'e': 0.40859382039498177}",25,12,7.567935481875252,"{0: 11, 1: 2, 2: 0, 3: 0, 4: 0}",1
100,False,"{'a': 0.4, 'e': 0.40491647601142694}",20,13,-11.503504918336946,"{0: 5, 1: 0, 2: 2, 3: 0, 4: 0}",1
101,False,"{'a': 0.4, 'e': 0.40127222772732407}",20,10,13.413188554714853,"{0: 10, 1: 0, 2: 0, 3: 0, 4: 0}",1
102,False,"{'a': 0.4, 'e': 0.39766077767777813}",20,6,-61.131996270734376,"{0: 11, 1: 1, 2: 0, 3: 0, 4: 2}",1
103,False,"{'a': 0.4, 'e': 0.39408183067867814}",25,10,-61.90856763071383,"{0: 9, 1: 0, 2: 4, 3: 2, 4: 0}",1
104,False,"{'a': 0.4, 'e': 0.39053509420257004}",25,0,-7.3452727254187185,"{0: 21, 1: 2, 2: 1, 3: 1, 4: 0}",0
105,False,"{'a': 0.4, 'e': 0.3870202783547469}",25,0,6.4498446876118045,"{0: 23, 1: 0, 2: 2, 3: 0, 4: 0}",0
106,False,"{'a': 0.4, 'e': 0.3835370958495542}",25,15,-3.8864522680281697,"{0: 8, 1: 0, 2: 2, 3: 0, 4: 0}",1
107,False,"{'a': 0.4, 'e': 0.38008526198690823}",25,10,-30.942204995603298,"{0: 12, 1: 2, 2: 0, 3: 0, 4: 1}",1
108,False,"{'a': 0.4, 'e': 0.37666449462902607}",20,14,-39.16817846372809,"{0: 4, 1: 0, 2: 1, 3: 0, 4: 1}",1
109,False,"{'a': 0.4, 'e': 0.37327451417736485}",20,10,-30.101296822207185,"{0: 8, 1: 1, 2: 0, 3: 0, 4: 1}",1
110,False,"{'a': 0.4, 'e': 0.36991504354976856}",20,9,-45.897479540678304,"{0: 8, 1: 0, 2: 2, 3: 0, 4: 1}",1
111,False,"{'a': 0.4, 'e': 0.36658580815782066}",30,11,-49.12184925505586,"{0: 14, 1: 1, 2: 3, 3: 0, 4: 1}",1
112,False,"{'a': 0.4, 'e': 0.3632865358844003}",25,11,8.667482309584196,"{0: 13, 1: 0, 2: 1, 3: 0, 4: 0}",1
113,False,"{'a': 0.4, 'e': 0.3600169570614407}",20,7,22.7322927223883,"{0: 13, 1: 0, 2: 0, 3: 0, 4: 0}",1
114,False,"{'a': 0.4, 'e': 0.35677680444788773}",20,0,4.383386408703647,"{0: 18, 1: 0, 2: 2, 3: 0, 4: 0}",0
115,False,"{'a': 0.4, 'e': 0.35356581320785674}",25,8,1.784152446436644,"{0: 14, 1: 1, 2: 2, 3: 0, 4: 0}",1
116,False,"{'a': 0.4, 'e': 0.350383720888986}",30,18,-3.1979484214182348,"{0: 10, 1: 0, 2: 2, 3: 0, 4: 0}",1
117,False,"{'a': 0.4, 'e': 0.3472302674009851}",25,14,-1.5220260313251788,"{0: 9, 1: 0, 2: 2, 3: 0, 4: 0}",1
118,False,"{'a': 0.4, 'e': 0.34410519499437625}",25,8,-16.884983385814916,"{0: 14, 1: 0, 2: 2, 3: 1, 4: 0}",1
119,False,"{'a': 0.4, 'e': 0.3410082482394269}",25,0,-92.01538816921332,"{0: 22, 1: 0, 2: 0, 3: 0, 4: 3}",0
120,False,"{'a': 0.4, 'e': 0.337939174005272}",25,11,-50.17671608560031,"{0: 10, 1: 0, 2: 3, 3: 0, 4: 1}",1
121,False,"{'a': 0.4, 'e': 0.3348977214392246}",25,10,-58.5323788636119,"{0: 13, 1: 0, 2: 0, 3: 0, 4: 2}",1
122,False,"{'a': 0.4, 'e': 0.33188364194627157}",25,0,-101.73321846883412,"{0: 18, 1: 1, 2: 4, 3: 0, 4: 2}",0
123,False,"{'a': 0.4, 'e': 0.32889668916875514}",20,0,-30.003686876871555,"{0: 15, 1: 2, 2: 2, 3: 1, 4: 0}",1
124,False,"{'a': 0.4, 'e': 0.3259366189662363}",20,10,-10.552984298324452,"{0: 7, 1: 2, 2: 1, 3: 0, 4: 0}",1
125,False,"{'a': 0.4, 'e': 0.3230031893955402}",20,2,-98.79716272893775,"{0: 13, 1: 0, 2: 2, 3: 1, 4: 2}",1
126,False,"{'a': 0.4, 'e': 0.3200961606909803}",25,11,-14.566147343855633,"{0: 13, 1: 0, 2: 0, 3: 0, 4: 1}",1
127,False,"{'a': 0.4, 'e': 0.31721529524476144}",20,6,0.6759823945780634,"{0: 12, 1: 0, 2: 2, 3: 0, 4: 0}",1
128,False,"{'a': 0.4, 'e': 0.3143603575875586}",20,16,7.600667407845434,"{0: 4, 1: 0, 2: 0, 3: 0, 4: 0}",1
129,False,"{'a': 0.4, 'e': 0.31153111436927056}",30,11,-58.73513694570614,"{0: 14, 1: 2, 2: 1, 3: 1, 4: 1}",1
130,False,"{'a': 0.4, 'e': 0.30872733433994715}",20,6,18.40276253335044,"{0: 13, 1: 1, 2: 0, 3: 0, 4: 0}",1
131,False,"{'a': 0.4, 'e': 0.3059487883308876}",30,15,27.162934690992866,"{0: 15, 1: 0, 2: 0, 3: 0, 4: 0}",1
132,False,"{'a': 0.4, 'e': 0.3031952492359096}",35,6,-2.3772387578132697,"{0: 27, 1: 1, 2: 0, 3: 0, 4: 1}",1
133,False,"{'a': 0.4, 'e': 0.3004664919927864}",20,2,-65.61266510970484,"{0: 15, 1: 0, 2: 1, 3: 0, 4: 2}",1
134,False,"{'a': 0.4, 'e': 0.29776229356485134}",20,0,3.95003071946366,"{0: 17, 1: 2, 2: 1, 3: 0, 4: 0}",0
135,False,"{'a': 0.4, 'e': 0.2950824329227677}",20,0,4.818188376410425,"{0: 18, 1: 1, 2: 1, 3: 0, 4: 0}",0
136,False,"{'a': 0.4, 'e': 0.2924266910264628}",20,10,17.71232949074233,"{0: 10, 1: 0, 2: 0, 3: 0, 4: 0}",1
137,False,"{'a': 0.4, 'e': 0.2897948508072246}",20,12,12.169807367795858,"{0: 8, 1: 0, 2: 0, 3: 0, 4: 0}",1
138,False,"{'a': 0.4, 'e': 0.2871866971499596}",20,0,7.4022042233007745,"{0: 18, 1: 0, 2: 2, 3: 0, 4: 0}",0
139,False,"{'a': 0.4, 'e': 0.28460201687560993}",25,15,-6.629004408001338,"{0: 8, 1: 0, 2: 2, 3: 0, 4: 0}",1
140,False,"{'a': 0.4, 'e': 0.28204059872372944}",30,10,-3.0037094365501096,"{0: 18, 1: 0, 2: 1, 3: 1, 4: 0}",1
141,False,"{'a': 0.4, 'e': 0.2795022333352159}",20,6,19.125523257189137,"{0: 14, 1: 0, 2: 0, 3: 0, 4: 0}",1
142,False,"{'a': 0.4, 'e': 0.27698671323519897}",20,8,-6.445679182039419,"{0: 10, 1: 0, 2: 2, 3: 0, 4: 0}",1
143,False,"{'a': 0.4, 'e': 0.2744938328160822}",20,2,-1.0374989479460757,"{0: 15, 1: 0, 2: 3, 3: 0, 4: 0}",1
144,False,"{'a': 0.4, 'e': 0.27202338832073747}",20,0,-6.065711152216215,"{0: 17, 1: 1, 2: 2, 3: 0, 4: 0}",0
145,False,"{'a': 0.4, 'e': 0.26957517782585083}",25,13,11.477267402122871,"{0: 11, 1: 0, 2: 1, 3: 0, 4: 0}",1
146,False,"{'a': 0.4, 'e': 0.2671490012254182}",25,7,-27.200501855750325,"{0: 16, 1: 0, 2: 1, 3: 0, 4: 1}",1
147,False,"{'a': 0.4, 'e': 0.2647446602143894}",25,9,-2.7171136725769554,"{0: 14, 1: 1, 2: 0, 3: 1, 4: 0}",1
148,False,"{'a': 0.4, 'e': 0.2623619582724599}",25,12,-18.25592529639657,"{0: 12, 1: 0, 2: 0, 3: 0, 4: 1}",1
149,False,"{'a': 0.4, 'e': 0.26000070064800773}",20,15,7.746994211363402,"{0: 5, 1: 0, 2: 0, 3: 0, 4: 0}",1
150,False,"{'a': 0.4, 'e': 0.25766069434217564}",25,16,0.7549694360518826,"{0: 8, 1: 0, 2: 1, 3: 0, 4: 0}",1
151,False,"{'a': 0.4, 'e': 0.25534174809309607}",20,6,10.217457312524113,"{0: 13, 1: 0, 2: 1, 3: 0, 4: 0}",1
152,False,"{'a': 0.4, 'e': 0.2530436723602582}",30,8,-1.2883155499777024,"{0: 18, 1: 2, 2: 2, 3: 0, 4: 0}",1
153,False,"{'a': 0.4, 'e': 0.2507662793090159}",30,17,13.737638735498518,"{0: 12, 1: 0, 2: 1, 3: 0, 4: 0}",1
154,False,"{'a': 0.4, 'e': 0.24850938279523477}",25,13,15.08168887260463,"{0: 11, 1: 1, 2: 0, 3: 0, 4: 0}",1
155,False,"{'a': 0.4, 'e': 0.24627279835007765}",25,16,-38.24106467500454,"{0: 7, 1: 0, 2: 1, 3: 0, 4: 1}",1
156,False,"{'a': 0.4, 'e': 0.24405634316492694}",30,0,-34.75515769497597,"{0: 27, 1: 0, 2: 1, 3: 1, 4: 1}",0
157,False,"{'a': 0.4, 'e': 0.2418598360764426}",30,22,11.531575244662703,"{0: 8, 1: 0, 2: 0, 3: 0, 4: 0}",1
158,False,"{'a': 0.4, 'e': 0.23968309755175463}",20,15,1.5192752068908244,"{0: 4, 1: 1, 2: 0, 3: 0, 4: 0}",1
159,False,"{'a': 0.4, 'e': 0.23752594967378884}",25,10,16.53861927437217,"{0: 14, 1: 1, 2: 0, 3: 0, 4: 0}",1
160,False,"{'a': 0.4, 'e': 0.23538821612672475}",20,11,1.6629988055715657,"{0: 8, 1: 0, 2: 1, 3: 0, 4: 0}",1
161,False,"{'a': 0.4, 'e': 0.23326972218158423}",35,19,24.75372139835875,"{0: 16, 1: 0, 2: 0, 3: 0, 4: 0}",1
162,False,"{'a': 0.4, 'e': 0.23117029468194997}",25,11,-8.236599031731819,"{0: 12, 1: 0, 2: 1, 3: 1, 4: 0}",1
163,False,"{'a': 0.4, 'e': 0.2290897620298124}",20,11,5.869463866155404,"{0: 8, 1: 0, 2: 1, 3: 0, 4: 0}",1
164,False,"{'a': 0.4, 'e': 0.2270279541715441}",25,8,-26.584243885317566,"{0: 15, 1: 0, 2: 1, 3: 0, 4: 1}",1
165,False,"{'a': 0.4, 'e': 0.2249847025840002}",25,15,-37.05814284482604,"{0: 8, 1: 1, 2: 0, 3: 0, 4: 1}",1
166,False,"{'a': 0.4, 'e': 0.2229598402607442}",20,13,2.4288497520696195,"{0: 6, 1: 0, 2: 1, 3: 0, 4: 0}",1
167,False,"{'a': 0.4, 'e': 0.2209532016983975}",20,0,4.095588639046795,"{0: 18, 1: 0, 2: 1, 3: 1, 4: 0}",1
168,False,"{'a': 0.4, 'e': 0.21896462288311191}",20,6,3.8058885169382854,"{0: 12, 1: 1, 2: 1, 3: 0, 4: 0}",1
169,False,"{'a': 0.4, 'e': 0.2169939412771639}",30,20,-11.893080891650524,"{0: 8, 1: 1, 2: 0, 3: 1, 4: 0}",1
170,False,"{'a': 0.4, 'e': 0.21504099580566943}",30,0,-21.226433339591008,"{0: 27, 1: 0, 2: 2, 3: 0, 4: 1}",0
171,False,"{'a': 0.4, 'e': 0.2131056268434184}",25,15,-32.171749304553394,"{0: 8, 1: 0, 2: 1, 3: 0, 4: 1}",1
172,False,"{'a': 0.4, 'e': 0.21118767620182766}",25,11,12.628905959851366,"{0: 13, 1: 0, 2: 1, 3: 0, 4: 0}",1
173,False,"{'a': 0.4, 'e': 0.2092869871160112}",20,6,24.19757576529854,"{0: 14, 1: 0, 2: 0, 3: 0, 4: 0}",1
174,False,"{'a': 0.4, 'e': 0.2074034042319671}",30,8,41.667092817647394,"{0: 22, 1: 0, 2: 0, 3: 0, 4: 0}",1
175,False,"{'a': 0.4, 'e': 0.2055367735938794}",20,11,11.34986679932707,"{0: 8, 1: 1, 2: 0, 3: 0, 4: 0}",1
176,False,"{'a': 0.4, 'e': 0.20368694263153447}",25,15,6.237198928003501,"{0: 9, 1: 0, 2: 1, 3: 0, 4: 0}",1
177,False,"{'a': 0.4, 'e': 0.20185376014785067}",20,16,8.854260138762697,"{0: 4, 1: 0, 2: 0, 3: 0, 4: 0}",1
178,False,"{'a': 0.4, 'e': 0.20003707630652}",20,3,-47.23714558550761,"{0: 14, 1: 1, 2: 0, 3: 1, 4: 1}",1
179,False,"{'a': 0.4, 'e': 0.19823674261976132}",20,12,4.4588661921049955,"{0: 7, 1: 0, 2: 1, 3: 0, 4: 0}",1
180,False,"{'a': 0.4, 'e': 0.19645261193618346}",25,0,-48.33538323892849,"{0: 19, 1: 3, 2: 2, 3: 0, 4: 1}",0
181,False,"{'a': 0.4, 'e': 0.19468453842875783}",30,7,7.906124182035388,"{0: 21, 1: 1, 2: 0, 3: 1, 4: 0}",1
182,False,"{'a': 0.4, 'e': 0.192932377582899}",20,2,-24.632124753341486,"{0: 15, 1: 1, 2: 0, 3: 2, 4: 0}",1
183,False,"{'a': 0.4, 'e': 0.19119598618465292}",30,18,19.810395421417176,"{0: 12, 1: 0, 2: 0, 3: 0, 4: 0}",1
184,False,"{'a': 0.4, 'e': 0.18947522230899105}",20,10,16.206669396277235,"{0: 10, 1: 0, 2: 0, 3: 0, 4: 0}",1
185,False,"{'a': 0.4, 'e': 0.18776994530821015}",20,12,-3.6026023879881617,"{0: 6, 1: 1, 2: 1, 3: 0, 4: 0}",1
186,False,"{'a': 0.4, 'e': 0.18608001580043626}",30,21,14.405244996263523,"{0: 8, 1: 1, 2: 0, 3: 0, 4: 0}",1
187,False,"{'a': 0.4, 'e': 0.18440529565823233}",25,14,-2.6342979167629217,"{0: 9, 1: 0, 2: 2, 3: 0, 4: 0}",1
188,False,"{'a': 0.4, 'e': 0.18274564799730825}",25,1,15.175304748690273,"{0: 22, 1: 1, 2: 1, 3: 0, 4: 0}",1
189,False,"{'a': 0.4, 'e': 0.18110093716533246}",20,13,8.249092175848578,"{0: 6, 1: 1, 2: 0, 3: 0, 4: 0}",1
190,False,"{'a': 0.4, 'e': 0.17947102873084447}",25,16,-37.388048594678175,"{0: 7, 1: 0, 2: 1, 3: 0, 4: 1}",1
191,False,"{'a': 0.4, 'e': 0.17785578947226688}",20,0,-7.5942230683588825,"{0: 17, 1: 0, 2: 3, 3: 0, 4: 0}",0
192,False,"{'a': 0.4, 'e': 0.17625508736701648}",30,18,20.677187882235806,"{0: 12, 1: 0, 2: 0, 3: 0, 4: 0}",1
193,False,"{'a': 0.4, 'e': 0.17466879158071333}",35,20,17.50111008964251,"{0: 14, 1: 1, 2: 0, 3: 0, 4: 0}",1
194,False,"{'a': 0.4, 'e': 0.1730967724564869}",35,15,6.132592683254018,"{0: 17, 1: 1, 2: 2, 3: 0, 4: 0}",1
195,False,"{'a': 0.4, 'e': 0.17153890150437853}",20,14,10.69420308485743,"{0: 6, 1: 0, 2: 0, 3: 0, 4: 0}",1
196,False,"{'a': 0.4, 'e': 0.16999505139083912}",20,15,8.504237132873802,"{0: 5, 1: 0, 2: 0, 3: 0, 4: 0}",1
197,False,"{'a': 0.4, 'e': 0.16846509592832157}",20,10,-22.612657343377037,"{0: 9, 1: 0, 2: 0, 3: 0, 4: 1}",1
198,False,"{'a': 0.4, 'e': 0.16694891006496668}",30,8,19.047862395289098,"{0: 21, 1: 0, 2: 0, 3: 1, 4: 0}",1
199,False,"{'a': 0.4, 'e': 0.16544636987438197}",25,5,24.77858678371992,"{0: 19, 1: 0, 2: 1, 3: 0, 4: 0}",1
200,False,"{'a': 0.4, 'e': 0.16395735254551252}",20,2,3.0012466087459226,"{0: 15, 1: 2, 2: 1, 3: 0, 4: 0}",1
201,False,"{'a': 0.4, 'e': 0.1624817363726029}",20,13,13.33636550018348,"{0: 7, 1: 0, 2: 0, 3: 0, 4: 0}",1
202,False,"{'a': 0.4, 'e': 0.16101940074524948}",25,12,-18.293004902826464,"{0: 10, 1: 1, 2: 1, 3: 1, 4: 0}",1
203,False,"{'a': 0.4, 'e': 0.15957022613854224}",20,10,-7.002670376314056,"{0: 8, 1: 0, 2: 2, 3: 0, 4: 0}",1
204,False,"{'a': 0.4, 'e': 0.15813409410329538}",20,11,10.69280424143952,"{0: 8, 1: 1, 2: 0, 3: 0, 4: 0}",1
205,False,"{'a': 0.4, 'e': 0.15671088725636573}",20,14,10.676307645202606,"{0: 6, 1: 0, 2: 0, 3: 0, 4: 0}",1
206,False,"{'a': 0.4, 'e': 0.15530048927105844}",25,3,-27.01974054011892,"{0: 20, 1: 0, 2: 1, 3: 0, 4: 1}",1
207,False,"{'a': 0.4, 'e': 0.1539027848676189}",25,14,21.48315734277601,"{0: 11, 1: 0, 2: 0, 3: 0, 4: 0}",1
208,False,"{'a': 0.4, 'e': 0.15251765980381035}",20,9,20.352346660234726,"{0: 11, 1: 0, 2: 0, 3: 0, 4: 0}",1
209,False,"{'a': 0.4, 'e': 0.15114500086557606}",20,10,-23.572415354681056,"{0: 9, 1: 0, 2: 0, 3: 0, 4: 1}",1
210,False,"{'a': 0.4, 'e': 0.14978469585778587}",20,9,-2.7878221870504154,"{0: 10, 1: 0, 2: 0, 3: 1, 4: 0}",1
211,False,"{'a': 0.4, 'e': 0.1484366335950658}",30,10,-3.613093261927907,"{0: 19, 1: 0, 2: 0, 3: 0, 4: 1}",1
212,False,"{'a': 0.4, 'e': 0.14710070389271018}",20,13,12.369313865657405,"{0: 7, 1: 0, 2: 0, 3: 0, 4: 0}",1
213,False,"{'a': 0.4, 'e': 0.14577679755767578}",20,3,3.2834547664864857,"{0: 15, 1: 1, 2: 1, 3: 0, 4: 0}",1
214,False,"{'a': 0.4, 'e': 0.1444648063796567}",25,13,-3.219155729000992,"{0: 10, 1: 0, 2: 2, 3: 0, 4: 0}",1
215,False,"{'a': 0.4, 'e': 0.1431646231222398}",35,16,15.943229111205817,"{0: 17, 1: 1, 2: 1, 3: 0, 4: 0}",1
216,False,"{'a': 0.4, 'e': 0.14187614151413963}",30,11,20.447998793881055,"{0: 18, 1: 0, 2: 1, 3: 0, 4: 0}",1
217,False,"{'a': 0.4, 'e': 0.14059925624051237}",20,16,8.008780314530837,"{0: 4, 1: 0, 2: 0, 3: 0, 4: 0}",1
218,False,"{'a': 0.4, 'e': 0.13933386293434774}",20,14,12.221094904277521,"{0: 6, 1: 0, 2: 0, 3: 0, 4: 0}",1
219,False,"{'a': 0.4, 'e': 0.1380798581679386}",20,16,7.277447848282936,"{0: 4, 1: 0, 2: 0, 3: 0, 4: 0}",1
220,False,"{'a': 0.4, 'e': 0.13683713944442716}",30,20,11.910588547884789,"{0: 9, 1: 1, 2: 0, 3: 0, 4: 0}",1
221,False,"{'a': 0.4, 'e': 0.13560560518942733}",30,18,23.21349945903774,"{0: 12, 1: 0, 2: 0, 3: 0, 4: 0}",1
222,False,"{'a': 0.4, 'e': 0.13438515474272247}",25,20,8.773065750636894,"{0: 5, 1: 0, 2: 0, 3: 0, 4: 0}",1
223,False,"{'a': 0.4, 'e': 0.13317568835003799}",25,17,15.788963970377237,"{0: 8, 1: 0, 2: 0, 3: 0, 4: 0}",1
224,False,"{'a': 0.4, 'e': 0.13197710715488764}",20,13,0.5882202749848755,"{0: 6, 1: 0, 2: 1, 3: 0, 4: 0}",1
225,False,"{'a': 0.4, 'e': 0.13078931319049364}",25,4,0.8086768774594838,"{0: 18, 1: 1, 2: 2, 3: 0, 4: 0}",1
226,False,"{'a': 0.4, 'e': 0.1296122093717792}",25,13,24.244111919367928,"{0: 12, 1: 0, 2: 0, 3: 0, 4: 0}",1
227,False,"{'a': 0.4, 'e': 0.12844569948743317}",20,12,11.50210398828564,"{0: 8, 1: 0, 2: 0, 3: 0, 4: 0}",1
228,False,"{'a': 0.4, 'e': 0.12728968819204628}",25,17,12.354788522988105,"{0: 8, 1: 0, 2: 0, 3: 0, 4: 0}",1
229,False,"{'a': 0.4, 'e': 0.12614408099831786}",25,11,-14.536215416258475,"{0: 13, 1: 0, 2: 0, 3: 0, 4: 1}",1
230,False,"{'a': 0.4, 'e': 0.125008784269333}",20,6,17.1438696220394,"{0: 13, 1: 0, 2: 1, 3: 0, 4: 0}",1
231,False,"{'a': 0.4, 'e': 0.12388370521090901}",25,14,18.564631168264995,"{0: 11, 1: 0, 2: 0, 3: 0, 4: 0}",1
232,False,"{'a': 0.4, 'e': 0.12276875186401083}",20,12,13.70175548419173,"{0: 8, 1: 0, 2: 0, 3: 0, 4: 0}",1
233,False,"{'a': 0.4, 'e': 0.12166383309723473}",20,5,26.732879483168144,"{0: 15, 1: 0, 2: 0, 3: 0, 4: 0}",1
234,False,"{'a': 0.4, 'e': 0.12056885859935962}",20,14,13.571170008745364,"{0: 6, 1: 0, 2: 0, 3: 0, 4: 0}",1
235,False,"{'a': 0.4, 'e': 0.11948373887196538}",30,19,23.52420223544634,"{0: 11, 1: 0, 2: 0, 3: 0, 4: 0}",1
236,False,"{'a': 0.4, 'e': 0.11840838522211769}",20,11,18.11641656522745,"{0: 9, 1: 0, 2: 0, 3: 0, 4: 0}",1
237,False,"{'a': 0.4, 'e': 0.11734270975511864}",25,11,28.960732999024955,"{0: 14, 1: 0, 2: 0, 3: 0, 4: 0}",1
238,False,"{'a': 0.4, 'e': 0.11628662536732257}",20,12,15.34584482943513,"{0: 8, 1: 0, 2: 0, 3: 0, 4: 0}",1
239,False,"{'a': 0.4, 'e': 0.11524004573901667}",20,6,23.39862810399792,"{0: 14, 1: 0, 2: 0, 3: 0, 4: 0}",1
240,False,"{'a': 0.4, 'e': 0.11420288532736551}",20,14,13.092457597098994,"{0: 6, 1: 0, 2: 0, 3: 0, 4: 0}",1
241,False,"{'a': 0.4, 'e': 0.11317505935941923}",20,12,12.252996358998697,"{0: 8, 1: 0, 2: 0, 3: 0, 4: 0}",1
242,False,"{'a': 0.4, 'e': 0.11215648382518445}",20,0,-9.941174344256062,"{0: 18, 1: 0, 2: 1, 3: 1, 4: 0}",0
243,False,"{'a': 0.4, 'e': 0.11114707547075779}",20,12,16.015833456515214,"{0: 8, 1: 0, 2: 0, 3: 0, 4: 0}",1
244,False,"{'a': 0.4, 'e': 0.11014675179152097}",20,10,17.509038582872996,"{0: 10, 1: 0, 2: 0, 3: 0, 4: 0}",1
245,False,"{'a': 0.4, 'e': 0.10915543102539729}",30,16,24.079249933428343,"{0: 14, 1: 0, 2: 0, 3: 0, 4: 0}",1
246,False,"{'a': 0.4, 'e': 0.10817303214616872}",20,8,20.80556822716052,"{0: 12, 1: 0, 2: 0, 3: 0, 4: 0}",1
247,False,"{'a': 0.4, 'e': 0.1071994748568532}",20,10,16.391176219515234,"{0: 10, 1: 0, 2: 0, 3: 0, 4: 0}",1
248,False,"{'a': 0.4, 'e': 0.10623467958314152}",25,18,12.215769637833972,"{0: 7, 1: 0, 2: 0, 3: 0, 4: 0}",1
249,False,"{'a': 0.4, 'e': 0.10527856746689325}",20,16,5.892025096751773,"{0: 4, 1: 0, 2: 0, 3: 0, 4: 0}",1
250,False,"{'a': 0.4, 'e': 0.10433106035969121}",25,17,17.938159497199056,"{0: 8, 1: 0, 2: 0, 3: 0, 4: 0}",1
251,False,"{'a': 0.4, 'e': 0.10339208081645399}",20,5,29.569312998474686,"{0: 15, 1: 0, 2: 0, 3: 0, 4: 0}",1
252,False,"{'a': 0.4, 'e': 0.1024615520891059}",25,10,22.50020269842797,"{0: 15, 1: 0, 2: 0, 3: 0, 4: 0}",1
253,False,"{'a': 0.4, 'e': 0.10153939812030395}",20,12,16.010122131699994,"{0: 8, 1: 0, 2: 0, 3: 0, 4: 0}",1
254,False,"{'a': 0.4, 'e': 0.10062554353722121}",25,11,7.57712047017165,"{0: 12, 1: 1, 2: 1, 3: 0, 4: 0}",1
255,False,"{'a': 0.4, 'e': 0.09971991364538622}",25,8,30.760086337120466,"{0: 17, 1: 0, 2: 0, 3: 0, 4: 0}",1
256,False,"{'a': 0.4, 'e': 0.09882243442257775}",30,10,37.17633856417768,"{0: 20, 1: 0, 2: 0, 3: 0, 4: 0}",1
257,False,"{'a': 0.4, 'e': 0.09793303251277455}",20,5,29.955471598328494,"{0: 15, 1: 0, 2: 0, 3: 0, 4: 0}",1
258,False,"{'a': 0.4, 'e': 0.09705163522015958}",25,0,-8.341514491651258,"{0: 24, 1: 0, 2: 0, 3: 0, 4: 1}",0
259,False,"{'a': 0.4, 'e': 0.09617817050317815}",20,16,8.70132746953049,"{0: 4, 1: 0, 2: 0, 3: 0, 4: 0}",1
260,False,"{'a': 0.4, 'e': 0.09531256696864954}",30,8,37.80077039530538,"{0: 22, 1: 0, 2: 0, 3: 0, 4: 0}",1
261,False,"{'a': 0.4, 'e': 0.09445475386593169}",20,8,-30.507287048582416,"{0: 10, 1: 0, 2: 1, 3: 0, 4: 1}",1
262,False,"{'a': 0.4, 'e': 0.09360466108113831}",25,15,17.01912944723159,"{0: 10, 1: 0, 2: 0, 3: 0, 4: 0}",1
263,False,"{'a': 0.4, 'e': 0.09276221913140807}",20,12,14.111936537501022,"{0: 8, 1: 0, 2: 0, 3: 0, 4: 0}",1
264,False,"{'a': 0.4, 'e': 0.0919273591592254}",20,7,12.936565160987282,"{0: 12, 1: 0, 2: 1, 3: 0, 4: 0}",1
265,False,"{'a': 0.4, 'e': 0.09110001292679237}",20,13,14.699694104822722,"{0: 7, 1: 0, 2: 0, 3: 0, 4: 0}",1
266,False,"{'a': 0.4, 'e': 0.09028011281045124}",35,27,13.786861609534643,"{0: 8, 1: 0, 2: 0, 3: 0, 4: 0}",1
267,False,"{'a': 0.4, 'e': 0.08946759179515719}",25,8,27.178096704692738,"{0: 17, 1: 0, 2: 0, 3: 0, 4: 0}",1
268,False,"{'a': 0.4, 'e': 0.08866238346900078}",30,14,7.337360257036607,"{0: 14, 1: 0, 2: 2, 3: 0, 4: 0}",1
269,False,"{'a': 0.4, 'e': 0.08786442201777978}",30,14,29.47432252408617,"{0: 16, 1: 0, 2: 0, 3: 0, 4: 0}",1
270,False,"{'a': 0.4, 'e': 0.08707364221961976}",25,19,11.794651231818104,"{0: 6, 1: 0, 2: 0, 3: 0, 4: 0}",1
271,False,"{'a': 0.4, 'e': 0.08628997943964319}",20,0,23.304887366504303,"{0: 19, 1: 1, 2: 0, 3: 0, 4: 0}",0
272,False,"{'a': 0.4, 'e': 0.08551336962468639}",25,13,-19.311679435605583,"{0: 11, 1: 0, 2: 0, 3: 0, 4: 1}",1
273,False,"{'a': 0.4, 'e': 0.08474374929806422}",25,9,18.451832764811552,"{0: 15, 1: 0, 2: 1, 3: 0, 4: 0}",1
274,False,"{'a': 0.4, 'e': 0.08398105555438164}",25,16,16.18096209010897,"{0: 9, 1: 0, 2: 0, 3: 0, 4: 0}",1
275,False,"{'a': 0.4, 'e': 0.0832252260543922}",20,8,16.889859898750956,"{0: 12, 1: 0, 2: 0, 3: 0, 4: 0}",1
276,False,"{'a': 0.4, 'e': 0.08247619901990266}",25,15,21.51727461245537,"{0: 10, 1: 0, 2: 0, 3: 0, 4: 0}",1
277,False,"{'a': 0.4, 'e': 0.08173391322872355}",20,10,20.3531590819512,"{0: 10, 1: 0, 2: 0, 3: 0, 4: 0}",1
278,False,"{'a': 0.4, 'e': 0.08099830800966504}",30,14,32.13517144819376,"{0: 16, 1: 0, 2: 0, 3: 0, 4: 0}",1
279,False,"{'a': 0.4, 'e': 0.08026932323757806}",25,12,13.920046073074454,"{0: 12, 1: 0, 2: 1, 3: 0, 4: 0}",1
280,False,"{'a': 0.4, 'e': 0.07954689932843985}",25,2,21.69432072582017,"{0: 22, 1: 0, 2: 1, 3: 0, 4: 0}",1
281,False,"{'a': 0.4, 'e': 0.07883097723448389}",30,5,27.751645193266135,"{0: 24, 1: 0, 2: 1, 3: 0, 4: 0}",1
282,False,"{'a': 0.4, 'e': 0.07812149843937354}",25,13,18.95388878077514,"{0: 12, 1: 0, 2: 0, 3: 0, 4: 0}",1
283,False,"{'a': 0.4, 'e': 0.07741840495341917}",25,14,19.533467717020724,"{0: 11, 1: 0, 2: 0, 3: 0, 4: 0}",1
284,False,"{'a': 0.4, 'e': 0.07672163930883841}",20,0,32.042458558090736,"{0: 20, 1: 0, 2: 0, 3: 0, 4: 0}",1
285,False,"{'a': 0.4, 'e': 0.07603114455505885}",20,14,9.266938627632227,"{0: 6, 1: 0, 2: 0, 3: 0, 4: 0}",1
286,False,"{'a': 0.4, 'e': 0.07534686425406333}",30,2,36.5152002744264,"{0: 27, 1: 1, 2: 0, 3: 0, 4: 0}",1
287,False,"{'a': 0.4, 'e': 0.07466874247577676}",25,20,12.350817986094743,"{0: 5, 1: 0, 2: 0, 3: 0, 4: 0}",1
288,False,"{'a': 0.4, 'e': 0.07399672379349477}",30,13,29.838341479820045,"{0: 17, 1: 0, 2: 0, 3: 0, 4: 0}",1
289,False,"{'a': 0.4, 'e': 0.07333075327935332}",25,18,3.4326844639764014,"{0: 6, 1: 1, 2: 0, 3: 0, 4: 0}",1
290,False,"{'a': 0.4, 'e': 0.07267077649983913}",20,6,15.036035062934872,"{0: 13, 1: 0, 2: 1, 3: 0, 4: 0}",1
291,False,"{'a': 0.4, 'e': 0.07201673951134058}",25,19,12.174428883659537,"{0: 6, 1: 0, 2: 0, 3: 0, 4: 0}",1
292,False,"{'a': 0.4, 'e': 0.07136858885573852}",20,7,20.658906983508366,"{0: 13, 1: 0, 2: 0, 3: 0, 4: 0}",1
293,False,"{'a': 0.4, 'e': 0.07072627155603688}",30,18,19.98284720651799,"{0: 12, 1: 0, 2: 0, 3: 0, 4: 0}",1
294,False,"{'a': 0.4, 'e': 0.07008973511203255}",30,13,31.10401000580962,"{0: 17, 1: 0, 2: 0, 3: 0, 4: 0}",1
295,False,"{'a': 0.4, 'e': 0.06945892749602425}",20,7,2.8741054671887944,"{0: 12, 1: 0, 2: 0, 3: 1, 4: 0}",1
296,False,"{'a': 0.4, 'e': 0.06883379714856004}",25,19,12.267709539378782,"{0: 6, 1: 0, 2: 0, 3: 0, 4: 0}",1
297,False,"{'a': 0.4, 'e': 0.068214292974223}",30,22,12.69544983539992,"{0: 8, 1: 0, 2: 0, 3: 0, 4: 0}",1
298,False,"{'a': 0.4, 'e': 0.06760036433745499}",20,13,13.02630966987976,"{0: 7, 1: 0, 2: 0, 3: 0, 4: 0}",1
299,False,"{'a': 0.4, 'e': 0.0669919610584179}",25,11,22.1986692162858,"{0: 14, 1: 0, 2: 0, 3: 0, 4: 0}",1
300,False,"{'a': 0.4, 'e': 0.06638903340889214}",20,12,13.678814728195064,"{0: 8, 1: 0, 2: 0, 3: 0, 4: 0}",1
301,False,"{'a': 0.4, 'e': 0.06579153210821212}",20,13,13.834127524866332,"{0: 7, 1: 0, 2: 0, 3: 0, 4: 0}",1
302,False,"{'a': 0.4, 'e': 0.0651994083192382}",20,14,13.27491929657406,"{0: 6, 1: 0, 2: 0, 3: 0, 4: 0}",1
303,False,"{'a': 0.4, 'e': 0.06461261364436506}",25,10,25.63797750529361,"{0: 15, 1: 0, 2: 0, 3: 0, 4: 0}",1
304,False,"{'a': 0.4, 'e': 0.06403110012156578}",20,2,31.260774458225434,"{0: 18, 1: 0, 2: 0, 3: 0, 4: 0}",1
305,False,"{'a': 0.4, 'e': 0.06345482022047169}",20,8,0.024075874633408656,"{0: 10, 1: 1, 2: 1, 3: 0, 4: 0}",1
306,False,"{'a': 0.4, 'e': 0.06288372683848745}",20,11,-29.655326147222606,"{0: 7, 1: 0, 2: 0, 3: 2, 4: 0}",1
307,False,"{'a': 0.4, 'e': 0.06231777329694106}",20,6,27.118457478346546,"{0: 14, 1: 0, 2: 0, 3: 0, 4: 0}",1
308,False,"{'a': 0.4, 'e': 0.06175691333726859}",20,3,26.294371658175315,"{0: 17, 1: 0, 2: 0, 3: 0, 4: 0}",1
309,False,"{'a': 0.4, 'e': 0.061201101117233175}",30,16,25.035294771717236,"{0: 14, 1: 0, 2: 0, 3: 0, 4: 0}",1
310,False,"{'a': 0.4, 'e': 0.060650291207178075}",20,7,13.825246637968498,"{0: 12, 1: 0, 2: 1, 3: 0, 4: 0}",1
311,False,"{'a': 0.4, 'e': 0.06010443858631347}",20,9,10.798997065661586,"{0: 10, 1: 0, 2: 1, 3: 0, 4: 0}",1
312,False,"{'a': 0.4, 'e': 0.05956349863903665}",35,20,34.038919372251414,"{0: 15, 1: 0, 2: 0, 3: 0, 4: 0}",1
313,False,"{'a': 0.4, 'e': 0.05902742715128532}",25,12,22.747762029590564,"{0: 13, 1: 0, 2: 0, 3: 0, 4: 0}",1
314,False,"{'a': 0.4, 'e': 0.05849618030692375}",25,18,13.411854649181302,"{0: 7, 1: 0, 2: 0, 3: 0, 4: 0}",1
315,False,"{'a': 0.4, 'e': 0.05796971468416144}",30,14,33.01325926181517,"{0: 16, 1: 0, 2: 0, 3: 0, 4: 0}",1
316,False,"{'a': 0.4, 'e': 0.057447987252003986}",20,8,21.93551989533324,"{0: 12, 1: 0, 2: 0, 3: 0, 4: 0}",1
317,False,"{'a': 0.4, 'e': 0.05693095536673595}",20,13,15.618271783465135,"{0: 7, 1: 0, 2: 0, 3: 0, 4: 0}",1
318,False,"{'a': 0.4, 'e': 0.05641857676843533}",25,5,24.893068889065702,"{0: 19, 1: 0, 2: 1, 3: 0, 4: 0}",1
319,False,"{'a': 0.4, 'e': 0.055910809577519406}",20,3,27.67161915997737,"{0: 17, 1: 0, 2: 0, 3: 0, 4: 0}",1
320,False,"{'a': 0.4, 'e': 0.05540761229132173}",25,14,19.41863009596543,"{0: 11, 1: 0, 2: 0, 3: 0, 4: 0}",1
321,False,"{'a': 0.4, 'e': 0.05490894378069984}",20,9,18.742532607449935,"{0: 11, 1: 0, 2: 0, 3: 0, 4: 0}",1
322,False,"{'a': 0.4, 'e': 0.054414763286673544}",20,14,10.029843628134511,"{0: 6, 1: 0, 2: 0, 3: 0, 4: 0}",1
323,False,"{'a': 0.4, 'e': 0.053925030417093484}",20,0,28.920909350369758,"{0: 20, 1: 0, 2: 0, 3: 0, 4: 0}",0
324,False,"{'a': 0.4, 'e': 0.05343970514333964}",20,15,11.938985501386066,"{0: 5, 1: 0, 2: 0, 3: 0, 4: 0}",1
325,False,"{'a': 0.4, 'e': 0.052958747797049587}",25,14,17.95777402834039,"{0: 11, 1: 0, 2: 0, 3: 0, 4: 0}",1
326,False,"{'a': 0.4, 'e': 0.05248211906687614}",20,16,7.643594936204098,"{0: 4, 1: 0, 2: 0, 3: 0, 4: 0}",1
327,False,"{'a': 0.4, 'e': 0.05200977999527425}",20,10,18.394816414717972,"{0: 10, 1: 0, 2: 0, 3: 0, 4: 0}",1
328,False,"{'a': 0.4, 'e': 0.05154169197531678}",25,12,13.441998116889078,"{0: 12, 1: 1, 2: 0, 3: 0, 4: 0}",1
329,False,"{'a': 0.4, 'e': 0.05107781674753893}",30,16,15.211523780430928,"{0: 13, 1: 0, 2: 1, 3: 0, 4: 0}",1
330,False,"{'a': 0.4, 'e': 0.05061811639681108}",25,15,20.620924231943548,"{0: 10, 1: 0, 2: 0, 3: 0, 4: 0}",1
331,False,"{'a': 0.4, 'e': 0.05016255334923978}",30,6,38.98601991913293,"{0: 24, 1: 0, 2: 0, 3: 0, 4: 0}",1
332,False,"{'a': 0.4, 'e': 0.04971109036909662}",20,10,19.901928180786133,"{0: 10, 1: 0, 2: 0, 3: 0, 4: 0}",1
333,False,"{'a': 0.4, 'e': 0.04926369055577475}",20,0,-17.61693955392747,"{0: 19, 1: 0, 2: 0, 3: 0, 4: 1}",0
334,False,"{'a': 0.4, 'e': 0.04882031734077278}",20,16,10.37930424273414,"{0: 4, 1: 0, 2: 0, 3: 0, 4: 0}",1
335,False,"{'a': 0.4, 'e': 0.048380934484705825}",25,20,9.598452947045727,"{0: 5, 1: 0, 2: 0, 3: 0, 4: 0}",1
336,False,"{'a': 0.4, 'e': 0.047945506074343475}",20,4,17.90264528263357,"{0: 15, 1: 0, 2: 1, 3: 0, 4: 0}",1
337,False,"{'a': 0.4, 'e': 0.04751399651967438}",30,15,22.77353033788168,"{0: 15, 1: 0, 2: 0, 3: 0, 4: 0}",1
338,False,"{'a': 0.4, 'e': 0.04708637055099731}",20,13,-7.058138198157594,"{0: 6, 1: 0, 2: 0, 3: 1, 4: 0}",1
339,False,"{'a': 0.4, 'e': 0.046662593216038335}",20,10,19.94880303081048,"{0: 10, 1: 0, 2: 0, 3: 0, 4: 0}",1
340,False,"{'a': 0.4, 'e': 0.04624262987709399}",25,13,25.344091052567617,"{0: 12, 1: 0, 2: 0, 3: 0, 4: 0}",1
341,False,"{'a': 0.4, 'e': 0.045826446208200144}",20,13,5.155019784756799,"{0: 6, 1: 1, 2: 0, 3: 0, 4: 0}",1
342,False,"{'a': 0.4, 'e': 0.04541400819232634}",20,9,15.211542013095203,"{0: 11, 1: 0, 2: 0, 3: 0, 4: 0}",1
343,False,"{'a': 0.4, 'e': 0.045005282118595405}",35,24,19.446298098796223,"{0: 11, 1: 0, 2: 0, 3: 0, 4: 0}",1
344,False,"{'a': 0.4, 'e': 0.044600234579528046}",35,21,28.633147879734903,"{0: 14, 1: 0, 2: 0, 3: 0, 4: 0}",1
345,False,"{'a': 0.4, 'e': 0.04419883246831229}",20,16,7.310106006003706,"{0: 4, 1: 0, 2: 0, 3: 0, 4: 0}",1
346,False,"{'a': 0.4, 'e': 0.04380104297609748}",20,4,25.85470041248282,"{0: 16, 1: 0, 2: 0, 3: 0, 4: 0}",1
347,False,"{'a': 0.4, 'e': 0.043406833589312604}",20,12,14.141824893998429,"{0: 8, 1: 0, 2: 0, 3: 0, 4: 0}",1
348,False,"{'a': 0.4, 'e': 0.043016172087008794}",25,19,12.625940843861992,"{0: 6, 1: 0, 2: 0, 3: 0, 4: 0}",1
349,False,"{'a': 0.4, 'e': 0.042629026538225714}",20,12,0.8142001497178728,"{0: 7, 1: 0, 2: 1, 3: 0, 4: 0}",1
350,False,"{'a': 0.4, 'e': 0.042245365299381686}",30,17,23.262762089653528,"{0: 13, 1: 0, 2: 0, 3: 0, 4: 0}",1
351,False,"{'a': 0.4, 'e': 0.04186515701168725}",20,8,15.784061713598424,"{0: 11, 1: 1, 2: 0, 3: 0, 4: 0}",1
352,False,"{'a': 0.4, 'e': 0.04148837059858206}",25,13,22.63149040316516,"{0: 12, 1: 0, 2: 0, 3: 0, 4: 0}",1
353,False,"{'a': 0.4, 'e': 0.041114975263194825}",25,13,8.909531515055614,"{0: 11, 1: 0, 2: 1, 3: 0, 4: 0}",1
354,False,"{'a': 0.4, 'e': 0.040744940485826074}",30,23,15.136866019797466,"{0: 7, 1: 0, 2: 0, 3: 0, 4: 0}",1
355,False,"{'a': 0.4, 'e': 0.04037823602145364}",20,9,21.006759625075983,"{0: 11, 1: 0, 2: 0, 3: 0, 4: 0}",1
356,False,"{'a': 0.4, 'e': 0.04001483189726056}",25,19,13.59503585975118,"{0: 6, 1: 0, 2: 0, 3: 0, 4: 0}",1
357,False,"{'a': 0.4, 'e': 0.039654698410185214}",30,8,36.83213618860562,"{0: 22, 1: 0, 2: 0, 3: 0, 4: 0}",1
358,False,"{'a': 0.4, 'e': 0.039297806124493545}",20,13,14.902444689703119,"{0: 7, 1: 0, 2: 0, 3: 0, 4: 0}",1
359,False,"{'a': 0.4, 'e': 0.038944125869373104}",25,19,11.242811368946604,"{0: 6, 1: 0, 2: 0, 3: 0, 4: 0}",1
360,False,"{'a': 0.4, 'e': 0.038593628736548743}",20,4,24.633484128170366,"{0: 16, 1: 0, 2: 0, 3: 0, 4: 0}",1
361,False,"{'a': 0.4, 'e': 0.03824628607791981}",25,7,28.369342879069194,"{0: 18, 1: 0, 2: 0, 3: 0, 4: 0}",1
362,False,"{'a': 0.4, 'e': 0.037902069503218526}",20,6,29.45183081829189,"{0: 14, 1: 0, 2: 0, 3: 0, 4: 0}",1
363,False,"{'a': 0.4, 'e': 0.03756095087768956}",30,10,-5.068753898625895,"{0: 19, 1: 0, 2: 0, 3: 0, 4: 1}",1
364,False,"{'a': 0.4, 'e': 0.037222902319790356}",20,13,14.555932563280482,"{0: 7, 1: 0, 2: 0, 3: 0, 4: 0}",1
365,False,"{'a': 0.4, 'e': 0.036887896198912244}",20,2,29.022744025012177,"{0: 18, 1: 0, 2: 0, 3: 0, 4: 0}",1
366,False,"{'a': 0.4, 'e': 0.036555905133122034}",35,13,37.78056955849509,"{0: 22, 1: 0, 2: 0, 3: 0, 4: 0}",1
367,False,"{'a': 0.4, 'e': 0.03622690198692394}",25,11,28.96710298119872,"{0: 14, 1: 0, 2: 0, 3: 0, 4: 0}",1
368,False,"{'a': 0.4, 'e': 0.035900859869041624}",30,24,10.467185757516742,"{0: 6, 1: 0, 2: 0, 3: 0, 4: 0}",1
369,False,"{'a': 0.4, 'e': 0.03557775213022025}",20,3,27.007331015811666,"{0: 17, 1: 0, 2: 0, 3: 0, 4: 0}",1
370,False,"{'a': 0.4, 'e': 0.035257552361048265}",25,13,0.04025940800722716,"{0: 10, 1: 0, 2: 2, 3: 0, 4: 0}",1
371,False,"{'a': 0.4, 'e': 0.03494023438979883}",20,13,10.152543115941235,"{0: 7, 1: 0, 2: 0, 3: 0, 4: 0}",1
372,False,"{'a': 0.4, 'e': 0.034625772280290644}",30,10,33.04869818601969,"{0: 20, 1: 0, 2: 0, 3: 0, 4: 0}",1
373,False,"{'a': 0.4, 'e': 0.034314140329768025}",20,9,23.174057588035506,"{0: 11, 1: 0, 2: 0, 3: 0, 4: 0}",1
374,False,"{'a': 0.4, 'e': 0.034005313066800116}",20,11,11.061051080765532,"{0: 8, 1: 1, 2: 0, 3: 0, 4: 0}",1
375,False,"{'a': 0.4, 'e': 0.03369926524919892}",25,9,17.849742714371178,"{0: 15, 1: 0, 2: 1, 3: 0, 4: 0}",1
376,False,"{'a': 0.4, 'e': 0.03339597186195613}",30,18,12.754728300786827,"{0: 11, 1: 0, 2: 1, 3: 0, 4: 0}",1
377,False,"{'a': 0.4, 'e': 0.033095408115198524}",20,9,9.836622405874424,"{0: 10, 1: 0, 2: 1, 3: 0, 4: 0}",1
378,False,"{'a': 0.4, 'e': 0.03279754944216174}",25,11,25.691343310335753,"{0: 14, 1: 0, 2: 0, 3: 0, 4: 0}",1
379,False,"{'a': 0.4, 'e': 0.032502371497182284}",25,11,11.47962270477038,"{0: 13, 1: 0, 2: 1, 3: 0, 4: 0}",1
380,False,"{'a': 0.4, 'e': 0.03220985015370764}",20,3,25.382787186036673,"{0: 17, 1: 0, 2: 0, 3: 0, 4: 0}",1
381,False,"{'a': 0.4, 'e': 0.031919961502324276}",25,16,15.28644277675576,"{0: 9, 1: 0, 2: 0, 3: 0, 4: 0}",1
382,False,"{'a': 0.4, 'e': 0.03163268184880336}",20,8,21.435353265115058,"{0: 12, 1: 0, 2: 0, 3: 0, 4: 0}",1
383,False,"{'a': 0.4, 'e': 0.03134798771216413}",25,19,12.757197656191112,"{0: 6, 1: 0, 2: 0, 3: 0, 4: 0}",1
384,False,"{'a': 0.4, 'e': 0.03106585582275465}",20,14,12.008290635599995,"{0: 6, 1: 0, 2: 0, 3: 0, 4: 0}",1
385,False,"{'a': 0.4, 'e': 0.030786263120349856}",20,14,9.624399040840208,"{0: 6, 1: 0, 2: 0, 3: 0, 4: 0}",1
386,False,"{'a': 0.4, 'e': 0.030509186752266708}",20,11,7.049541668693203,"{0: 8, 1: 0, 2: 1, 3: 0, 4: 0}",1
387,False,"{'a': 0.4, 'e': 0.030234604071496307}",20,14,11.592812767058222,"{0: 6, 1: 0, 2: 0, 3: 0, 4: 0}",1
388,False,"{'a': 0.4, 'e': 0.02996249263485284}",25,11,9.577284141282847,"{0: 13, 1: 0, 2: 1, 3: 0, 4: 0}",1
389,False,"{'a': 0.4, 'e': 0.029692830201139164}",20,16,4.768782464975578,"{0: 4, 1: 0, 2: 0, 3: 0, 4: 0}",1
390,False,"{'a': 0.4, 'e': 0.029425594729328913}",20,10,-2.620977907494409,"{0: 9, 1: 0, 2: 0, 3: 1, 4: 0}",1
391,False,"{'a': 0.4, 'e': 0.02916076437676495}",25,19,12.219250365622486,"{0: 6, 1: 0, 2: 0, 3: 0, 4: 0}",1
392,False,"{'a': 0.4, 'e': 0.028898317497374065}",20,7,24.222587838484976,"{0: 13, 1: 0, 2: 0, 3: 0, 4: 0}",1
393,False,"{'a': 0.4, 'e': 0.0286382326398977}",25,16,13.951441165818872,"{0: 9, 1: 0, 2: 0, 3: 0, 4: 0}",1
394,False,"{'a': 0.4, 'e': 0.028380488546138623}",25,14,23.11179121233111,"{0: 11, 1: 0, 2: 0, 3: 0, 4: 0}",1
395,False,"{'a': 0.4, 'e': 0.028125064149223375}",20,16,7.6807665947601675,"{0: 4, 1: 0, 2: 0, 3: 0, 4: 0}",1
396,False,"{'a': 0.4, 'e': 0.027871938571880365}",20,3,-16.431111432103968,"{0: 16, 1: 0, 2: 0, 3: 0, 4: 1}",1
397,False,"{'a': 0.4, 'e': 0.027621091124733443}",20,10,21.637806949651594,"{0: 10, 1: 0, 2: 0, 3: 0, 4: 0}",1
398,False,"{'a': 0.4, 'e': 0.02737250130461084}",20,11,19.840398077965823,"{0: 9, 1: 0, 2: 0, 3: 0, 4: 0}",1
399,False,"{'a': 0.4, 'e': 0.027126148792869342}",30,16,20.86715719572926,"{0: 13, 1: 1, 2: 0, 3: 0, 4: 0}",1
400,False,"{'a': 0.4, 'e': 0.02688201345373352}",30,9,-16.294761774058717,"{0: 19, 1: 0, 2: 1, 3: 0, 4: 1}",1
401,False,"{'a': 0.4, 'e': 0.026640075332649917}",25,17,11.461345522857822,"{0: 8, 1: 0, 2: 0, 3: 0, 4: 0}",1
402,False,"{'a': 0.4, 'e': 0.026400314654656067}",20,12,12.608712247714356,"{0: 8, 1: 0, 2: 0, 3: 0, 4: 0}",1
403,False,"{'a': 0.4, 'e': 0.02616271182276416}",25,0,36.68129345058214,"{0: 25, 1: 0, 2: 0, 3: 0, 4: 0}",1
404,False,"{'a': 0.4, 'e': 0.025927247416359284}",20,0,21.811426046181815,"{0: 19, 1: 1, 2: 0, 3: 0, 4: 0}",0
405,False,"{'a': 0.4, 'e': 0.02569390218961205}",25,13,-21.41073263788688,"{0: 11, 1: 0, 2: 0, 3: 0, 4: 1}",1
406,False,"{'a': 0.4, 'e': 0.02546265706990554}",20,2,24.574502063690346,"{0: 18, 1: 0, 2: 0, 3: 0, 4: 0}",1
407,False,"{'a': 0.4, 'e': 0.02523349315627639}",20,10,10.033517455157718,"{0: 9, 1: 1, 2: 0, 3: 0, 4: 0}",1
408,False,"{'a': 0.4, 'e': 0.025006391717869902}",20,8,2.0081035183644977,"{0: 11, 1: 0, 2: 0, 3: 1, 4: 0}",1
409,False,"{'a': 0.4, 'e': 0.024781334192409073}",35,13,41.76456979233425,"{0: 22, 1: 0, 2: 0, 3: 0, 4: 0}",1
410,False,"{'a': 0.4, 'e': 0.024558302184677392}",30,13,26.982871046831754,"{0: 17, 1: 0, 2: 0, 3: 0, 4: 0}",1
411,False,"{'a': 0.4, 'e': 0.024337277465015295}",35,17,32.230837022722895,"{0: 18, 1: 0, 2: 0, 3: 0, 4: 0}",1
412,False,"{'a': 0.4, 'e': 0.02411824196783016}",20,16,9.285642111579701,"{0: 4, 1: 0, 2: 0, 3: 0, 4: 0}",1
413,False,"{'a': 0.4, 'e': 0.023901177790119688}",20,12,13.095965442811785,"{0: 8, 1: 0, 2: 0, 3: 0, 4: 0}",1
414,False,"{'a': 0.4, 'e': 0.02368606719000861}",25,11,24.257148778001348,"{0: 14, 1: 0, 2: 0, 3: 0, 4: 0}",1
415,False,"{'a': 0.4, 'e': 0.023472892585298534}",20,12,14.486716694319206,"{0: 8, 1: 0, 2: 0, 3: 0, 4: 0}",1
416,False,"{'a': 0.4, 'e': 0.023261636552030847}",20,10,7.19364282428465,"{0: 9, 1: 0, 2: 1, 3: 0, 4: 0}",1
417,False,"{'a': 0.4, 'e': 0.02305228182306257}",30,17,30.152730821588264,"{0: 13, 1: 0, 2: 0, 3: 0, 4: 0}",1
418,False,"{'a': 0.4, 'e': 0.02284481128665501}",25,15,17.928659032837476,"{0: 10, 1: 0, 2: 0, 3: 0, 4: 0}",1
419,False,"{'a': 0.4, 'e': 0.022639207985075113}",25,18,12.743614780292202,"{0: 7, 1: 0, 2: 0, 3: 0, 4: 0}",1
420,False,"{'a': 0.4, 'e': 0.02243545511320944}",20,16,6.710699664174235,"{0: 4, 1: 0, 2: 0, 3: 0, 4: 0}",1
421,False,"{'a': 0.4, 'e': 0.022233536017190553}",25,17,17.413852881626354,"{0: 8, 1: 0, 2: 0, 3: 0, 4: 0}",1
422,False,"{'a': 0.4, 'e': 0.02203343419303584}",30,13,31.618839726560214,"{0: 17, 1: 0, 2: 0, 3: 0, 4: 0}",1
423,False,"{'a': 0.4, 'e': 0.021835133285298517}",20,0,29.68749256156562,"{0: 20, 1: 0, 2: 0, 3: 0, 4: 0}",1
424,False,"{'a': 0.4, 'e': 0.02163861708573083}",20,12,13.533681931624752,"{0: 8, 1: 0, 2: 0, 3: 0, 4: 0}",1
425,False,"{'a': 0.4, 'e': 0.021443869531959255}",35,19,31.7923147396914,"{0: 16, 1: 0, 2: 0, 3: 0, 4: 0}",1
426,False,"{'a': 0.4, 'e': 0.02125087470617162}",20,12,13.439044090219054,"{0: 8, 1: 0, 2: 0, 3: 0, 4: 0}",1
427,False,"{'a': 0.4, 'e': 0.021059616833816075}",20,16,8.160396680177675,"{0: 4, 1: 0, 2: 0, 3: 0, 4: 0}",1
428,False,"{'a': 0.4, 'e': 0.02087008028231173}",25,12,23.691847475787426,"{0: 13, 1: 0, 2: 0, 3: 0, 4: 0}",1
429,False,"{'a': 0.4, 'e': 0.020682249559770924}",25,17,16.76559983065472,"{0: 8, 1: 0, 2: 0, 3: 0, 4: 0}",1
430,False,"{'a': 0.4, 'e': 0.020496109313732986}",20,10,14.959811148910857,"{0: 10, 1: 0, 2: 0, 3: 0, 4: 0}",1
431,False,"{'a': 0.4, 'e': 0.020311644329909388}",25,20,10.466566432002018,"{0: 5, 1: 0, 2: 0, 3: 0, 4: 0}",1
432,False,"{'a': 0.4, 'e': 0.020128839530940204}",30,10,23.155719460507164,"{0: 19, 1: 0, 2: 1, 3: 0, 4: 0}",1
433,False,"{'a': 0.4, 'e': 0.019947679975161742}",20,9,17.48522945207373,"{0: 11, 1: 0, 2: 0, 3: 0, 4: 0}",1
434,False,"{'a': 0.4, 'e': 0.019768150855385285}",20,9,20.65234201507181,"{0: 11, 1: 0, 2: 0, 3: 0, 4: 0}",1
435,False,"{'a': 0.4, 'e': 0.01959023749768682}",20,8,21.23282341841433,"{0: 12, 1: 0, 2: 0, 3: 0, 4: 0}",1
436,False,"{'a': 0.4, 'e': 0.019413925360207637}",20,16,7.2700876564598715,"{0: 4, 1: 0, 2: 0, 3: 0, 4: 0}",1
437,False,"{'a': 0.4, 'e': 0.01923920003196577}",25,13,22.457929750575005,"{0: 12, 1: 0, 2: 0, 3: 0, 4: 0}",1
438,False,"{'a': 0.4, 'e': 0.019066047231678075}",20,16,7.404291017870438,"{0: 4, 1: 0, 2: 0, 3: 0, 4: 0}",1
439,False,"{'a': 0.4, 'e': 0.018894452806592972}",25,3,31.45666945512914,"{0: 22, 1: 0, 2: 0, 3: 0, 4: 0}",1
440,False,"{'a': 0.4, 'e': 0.018724402731333634}",20,0,20.641680213717848,"{0: 19, 1: 0, 2: 1, 3: 0, 4: 0}",1
441,False,"{'a': 0.4, 'e': 0.01855588310675163}",25,19,8.350715444685681,"{0: 6, 1: 0, 2: 0, 3: 0, 4: 0}",1
442,False,"{'a': 0.4, 'e': 0.018388880158790866}",25,10,15.018624924781372,"{0: 14, 1: 0, 2: 1, 3: 0, 4: 0}",1
443,False,"{'a': 0.4, 'e': 0.01822338023736175}",25,13,17.91448111966892,"{0: 12, 1: 0, 2: 0, 3: 0, 4: 0}",1
444,False,"{'a': 0.4, 'e': 0.018059369815225493}",20,9,18.33184518326633,"{0: 11, 1: 0, 2: 0, 3: 0, 4: 0}",1
445,False,"{'a': 0.4, 'e': 0.017896835486888463}",25,12,23.769193611043796,"{0: 13, 1: 0, 2: 0, 3: 0, 4: 0}",1
446,False,"{'a': 0.4, 'e': 0.01773576396750647}",25,10,28.235513712151246,"{0: 15, 1: 0, 2: 0, 3: 0, 4: 0}",1
447,False,"{'a': 0.4, 'e': 0.01757614209179891}",20,13,12.411625246289589,"{0: 7, 1: 0, 2: 0, 3: 0, 4: 0}",1
448,False,"{'a': 0.4, 'e': 0.017417956812972722}",25,9,27.620612668656335,"{0: 16, 1: 0, 2: 0, 3: 0, 4: 0}",1
449,False,"{'a': 0.4, 'e': 0.017261195201655966}",20,14,9.296314741327823,"{0: 6, 1: 0, 2: 0, 3: 0, 4: 0}",1
450,False,"{'a': 0.4, 'e': 0.017105844444841062}",35,26,16.296635483821273,"{0: 9, 1: 0, 2: 0, 3: 0, 4: 0}",1
451,False,"{'a': 0.4, 'e': 0.016951891844837492}",20,9,21.98033557063505,"{0: 11, 1: 0, 2: 0, 3: 0, 4: 0}",1
452,False,"{'a': 0.4, 'e': 0.016799324818233954}",20,15,10.168385754595677,"{0: 5, 1: 0, 2: 0, 3: 0, 4: 0}",1
453,False,"{'a': 0.4, 'e': 0.01664813089486985}",20,6,22.143845560271764,"{0: 14, 1: 0, 2: 0, 3: 0, 4: 0}",1
454,False,"{'a': 0.4, 'e': 0.016498297716816022}",25,11,28.406104155192534,"{0: 14, 1: 0, 2: 0, 3: 0, 4: 0}",1
455,False,"{'a': 0.4, 'e': 0.01634981303736468}",30,15,27.62432982619465,"{0: 15, 1: 0, 2: 0, 3: 0, 4: 0}",1
456,False,"{'a': 0.4, 'e': 0.016202664720028397}",25,8,34.15372537817195,"{0: 17, 1: 0, 2: 0, 3: 0, 4: 0}",1
457,False,"{'a': 0.4, 'e': 0.01605684073754814}",25,20,8.89650986587458,"{0: 5, 1: 0, 2: 0, 3: 0, 4: 0}",1
458,False,"{'a': 0.4, 'e': 0.015912329170910205}",35,25,20.106413902856747,"{0: 10, 1: 0, 2: 0, 3: 0, 4: 0}",1
459,False,"{'a': 0.4, 'e': 0.015769118208372013}",25,13,17.916696477976487,"{0: 12, 1: 0, 2: 0, 3: 0, 4: 0}",1
460,False,"{'a': 0.4, 'e': 0.015627196144496664}",35,21,26.9865221932718,"{0: 14, 1: 0, 2: 0, 3: 0, 4: 0}",1
461,False,"{'a': 0.4, 'e': 0.015486551379196195}",20,6,24.255255151577327,"{0: 14, 1: 0, 2: 0, 3: 0, 4: 0}",1
462,False,"{'a': 0.4, 'e': 0.015347172416783428}",20,16,6.55746136073501,"{0: 4, 1: 0, 2: 0, 3: 0, 4: 0}",1
463,False,"{'a': 0.4, 'e': 0.015209047865032377}",20,12,14.839447201736677,"{0: 8, 1: 0, 2: 0, 3: 0, 4: 0}",1
464,False,"{'a': 0.4, 'e': 0.015072166434247086}",35,15,38.4231318704214,"{0: 20, 1: 0, 2: 0, 3: 0, 4: 0}",1
465,False,"{'a': 0.4, 'e': 0.014936516936338863}",20,13,14.37074982782636,"{0: 7, 1: 0, 2: 0, 3: 0, 4: 0}",1
466,False,"{'a': 0.4, 'e': 0.014802088283911812}",20,13,12.897139901381053,"{0: 7, 1: 0, 2: 0, 3: 0, 4: 0}",1
467,False,"{'a': 0.4, 'e': 0.014668869489356607}",20,7,22.46254722205369,"{0: 13, 1: 0, 2: 0, 3: 0, 4: 0}",1
468,False,"{'a': 0.4, 'e': 0.014536849663952398}",20,10,18.456171358529424,"{0: 10, 1: 0, 2: 0, 3: 0, 4: 0}",1
469,False,"{'a': 0.4, 'e': 0.014406018016976826}",25,13,25.091107010194424,"{0: 12, 1: 0, 2: 0, 3: 0, 4: 0}",1
470,False,"{'a': 0.4, 'e': 0.014276363854824035}",20,16,8.754263027683525,"{0: 4, 1: 0, 2: 0, 3: 0, 4: 0}",1
471,False,"{'a': 0.4, 'e': 0.014147876580130619}",20,13,14.048695977333583,"{0: 7, 1: 0, 2: 0, 3: 0, 4: 0}",1
472,False,"{'a': 0.4, 'e': 0.014020545690909443}",20,14,10.39409849639194,"{0: 6, 1: 0, 2: 0, 3: 0, 4: 0}",1
473,False,"{'a': 0.4, 'e': 0.013894360779691257}",20,13,0.48002856380009673,"{0: 6, 1: 0, 2: 1, 3: 0, 4: 0}",1
474,False,"{'a': 0.4, 'e': 0.013769311532674036}",25,14,20.50469029365312,"{0: 11, 1: 0, 2: 0, 3: 0, 4: 0}",1
475,False,"{'a': 0.4, 'e': 0.01364538772887997}",25,13,24.468415885643402,"{0: 12, 1: 0, 2: 0, 3: 0, 4: 0}",1
476,False,"{'a': 0.4, 'e': 0.013522579239320051}",25,0,42.870181569327016,"{0: 25, 1: 0, 2: 0, 3: 0, 4: 0}",0
477,False,"{'a': 0.4, 'e': 0.01340087602616617}",30,19,19.259283268218873,"{0: 11, 1: 0, 2: 0, 3: 0, 4: 0}",1
478,False,"{'a': 0.4, 'e': 0.013280268141930675}",20,9,22.29778618213228,"{0: 11, 1: 0, 2: 0, 3: 0, 4: 0}",1
479,False,"{'a': 0.4, 'e': 0.013160745728653299}",20,8,21.689153631777046,"{0: 12, 1: 0, 2: 0, 3: 0, 4: 0}",1
480,False,"{'a': 0.4, 'e': 0.013042299017095419}",20,14,11.179501214918623,"{0: 6, 1: 0, 2: 0, 3: 0, 4: 0}",1
481,False,"{'a': 0.4, 'e': 0.01292491832594156}",20,10,18.542262525745926,"{0: 10, 1: 0, 2: 0, 3: 0, 4: 0}",1
482,False,"{'a': 0.4, 'e': 0.012808594061008087}",25,20,6.423583651447723,"{0: 5, 1: 0, 2: 0, 3: 0, 4: 0}",1
483,False,"{'a': 0.4, 'e': 0.012693316714459014}",20,13,12.645922333449022,"{0: 7, 1: 0, 2: 0, 3: 0, 4: 0}",1
484,False,"{'a': 0.4, 'e': 0.012579076864028883}",35,15,34.83522052315218,"{0: 20, 1: 0, 2: 0, 3: 0, 4: 0}",1
485,False,"{'a': 0.4, 'e': 0.012465865172252623}",20,13,14.517687655422625,"{0: 7, 1: 0, 2: 0, 3: 0, 4: 0}",1
486,False,"{'a': 0.4, 'e': 0.01235367238570235}",20,16,8.918079679320833,"{0: 4, 1: 0, 2: 0, 3: 0, 4: 0}",1
487,False,"{'a': 0.4, 'e': 0.012242489334231029}",25,13,22.243959525157376,"{0: 12, 1: 0, 2: 0, 3: 0, 4: 0}",1
488,False,"{'a': 0.4, 'e': 0.01213230693022295}",20,8,24.38319675965409,"{0: 12, 1: 0, 2: 0, 3: 0, 4: 0}",1
489,False,"{'a': 0.4, 'e': 0.012023116167850944}",25,13,22.590308960815822,"{0: 12, 1: 0, 2: 0, 3: 0, 4: 0}",1
490,False,"{'a': 0.4, 'e': 0.011914908122340286}",20,0,18.44641419639804,"{0: 19, 1: 0, 2: 1, 3: 0, 4: 0}",0
491,False,"{'a': 0.4, 'e': 0.011807673949239223}",20,11,21.74992947983811,"{0: 9, 1: 0, 2: 0, 3: 0, 4: 0}",1
492,False,"{'a': 0.4, 'e': 0.01170140488369607}",30,18,17.657609119522213,"{0: 12, 1: 0, 2: 0, 3: 0, 4: 0}",1
493,False,"{'a': 0.4, 'e': 0.011596092239742804}",20,13,14.49411413203334,"{0: 7, 1: 0, 2: 0, 3: 0, 4: 0}",1
494,False,"{'a': 0.4, 'e': 0.01149172740958512}",30,19,18.199230181097786,"{0: 11, 1: 0, 2: 0, 3: 0, 4: 0}",1
495,False,"{'a': 0.4, 'e': 0.011388301862898853}",20,12,16.55687834407493,"{0: 8, 1: 0, 2: 0, 3: 0, 4: 0}",1
496,False,"{'a': 0.4, 'e': 0.011285807146132764}",25,15,21.70602238389052,"{0: 10, 1: 0, 2: 0, 3: 0, 4: 0}",1
497,False,"{'a': 0.4, 'e': 0.01118423488181757}",20,12,15.072000794797102,"{0: 8, 1: 0, 2: 0, 3: 0, 4: 0}",1
498,False,"{'a': 0.4, 'e': 0.011083576767881211}",25,13,20.16093068251496,"{0: 12, 1: 0, 2: 0, 3: 0, 4: 0}",1
499,False,"{'a': 0.4, 'e': 0.01098382457697028}",25,11,28.598447135500265,"{0: 14, 1: 0, 2: 0, 3: 0, 4: 0}",1
500,False,"{'a': 0.4, 'e': 0.010884970155777548}",25,11,23.079303823667253,"{0: 14, 1: 0, 2: 0, 3: 0, 4: 0}",1
501,False,"{'a': 0.4, 'e': 0.01078700542437555}",25,8,24.04807609912158,"{0: 17, 1: 0, 2: 0, 3: 0, 4: 0}",1
502,False,"{'a': 0.4, 'e': 0.010689922375556169}",20,12,14.983865497799856,"{0: 8, 1: 0, 2: 0, 3: 0, 4: 0}",1
503,False,"{'a': 0.4, 'e': 0.010593713074176163}",20,8,24.320664739147958,"{0: 12, 1: 0, 2: 0, 3: 0, 4: 0}",1
504,False,"{'a': 0.4, 'e': 0.010498369656508577}",20,15,11.76475400387227,"{0: 5, 1: 0, 2: 0, 3: 0, 4: 0}",1
505,False,"{'a': 0.4, 'e': 0.0104038843296}",25,16,16.257564900426676,"{0: 9, 1: 0, 2: 0, 3: 0, 4: 0}",1
506,False,"{'a': 0.4, 'e': 0.0103102493706336}",25,11,26.572178430476235,"{0: 14, 1: 0, 2: 0, 3: 0, 4: 0}",1
507,False,"{'a': 0.4, 'e': 0.010217457126297898}",25,13,23.726228196520292,"{0: 12, 1: 0, 2: 0, 3: 0, 4: 0}",1
508,False,"{'a': 0.4, 'e': 0.010125500012161217}",20,14,10.6292101314247,"{0: 6, 1: 0, 2: 0, 3: 0, 4: 0}",1
509,False,"{'a': 0.4, 'e': 0.010034370512051766}",35,25,17.17614899950201,"{0: 10, 1: 0, 2: 0, 3: 0, 4: 0}",1
510,False,"{'a': 0.4, 'e': 0.0099440611774433}",20,9,-24.159415691626226,"{0: 10, 1: 0, 2: 0, 3: 0, 4: 1}",1
511,False,"{'a': 0.4, 'e': 0.00985456462684631}",20,10,17.74174834018729,"{0: 10, 1: 0, 2: 0, 3: 0, 4: 0}",1
512,False,"{'a': 0.4, 'e': 0.009765873545204693}",30,12,30.89865306246348,"{0: 18, 1: 0, 2: 0, 3: 0, 4: 0}",1
513,False,"{'a': 0.4, 'e': 0.009677980683297852}",25,10,27.65350762392246,"{0: 15, 1: 0, 2: 0, 3: 0, 4: 0}",1
514,False,"{'a': 0.4, 'e': 0.00959087885714817}",30,13,28.070277085630032,"{0: 17, 1: 0, 2: 0, 3: 0, 4: 0}",1
515,False,"{'a': 0.4, 'e': 0.009504560947433837}",25,15,19.610982855057237,"{0: 10, 1: 0, 2: 0, 3: 0, 4: 0}",1
516,False,"{'a': 0.4, 'e': 0.009419019898906932}",20,11,18.20101698267522,"{0: 9, 1: 0, 2: 0, 3: 0, 4: 0}",1
517,False,"{'a': 0.4, 'e': 0.00933424871981677}",20,13,16.23509056872612,"{0: 7, 1: 0, 2: 0, 3: 0, 4: 0}",1
518,False,"{'a': 0.4, 'e': 0.009250240481338419}",30,16,22.518014865605824,"{0: 14, 1: 0, 2: 0, 3: 0, 4: 0}",1
519,False,"{'a': 0.4, 'e': 0.009166988317006373}",20,10,17.902233341886443,"{0: 10, 1: 0, 2: 0, 3: 0, 4: 0}",1
520,False,"{'a': 0.4, 'e': 0.009084485422153316}",25,20,8.178667099420624,"{0: 5, 1: 0, 2: 0, 3: 0, 4: 0}",1
521,False,"{'a': 0.4, 'e': 0.009002725053353935}",20,6,28.37593280500001,"{0: 14, 1: 0, 2: 0, 3: 0, 4: 0}",1
522,False,"{'a': 0.4, 'e': 0.00892170052787375}",25,16,16.34612329940133,"{0: 9, 1: 0, 2: 0, 3: 0, 4: 0}",1
523,False,"{'a': 0.4, 'e': 0.008841405223122885}",25,11,29.60953587098672,"{0: 14, 1: 0, 2: 0, 3: 0, 4: 0}",1
524,False,"{'a': 0.4, 'e': 0.008761832576114778}",25,16,14.34432830034811,"{0: 9, 1: 0, 2: 0, 3: 0, 4: 0}",1
525,False,"{'a': 0.4, 'e': 0.008682976082929745}",35,17,32.20126962742184,"{0: 18, 1: 0, 2: 0, 3: 0, 4: 0}",1
526,False,"{'a': 0.4, 'e': 0.008604829298183377}",25,15,16.668165454388884,"{0: 10, 1: 0, 2: 0, 3: 0, 4: 0}",1
527,False,"{'a': 0.4, 'e': 0.008527385834499726}",25,17,13.78897600805935,"{0: 8, 1: 0, 2: 0, 3: 0, 4: 0}",1
528,False,"{'a': 0.4, 'e': 0.00845063936198923}",25,15,19.54470825995443,"{0: 10, 1: 0, 2: 0, 3: 0, 4: 0}",1
529,False,"{'a': 0.4, 'e': 0.008374583607731327}",30,16,27.09292430164011,"{0: 14, 1: 0, 2: 0, 3: 0, 4: 0}",1
530,False,"{'a': 0.4, 'e': 0.008299212355261746}",25,19,13.173181310129104,"{0: 6, 1: 0, 2: 0, 3: 0, 4: 0}",1
531,False,"{'a': 0.4, 'e': 0.00822451944406439}",20,0,34.70709439191662,"{0: 20, 1: 0, 2: 0, 3: 0, 4: 0}",0
532,False,"{'a': 0.4, 'e': 0.008150498769067812}",20,3,28.408841362888076,"{0: 17, 1: 0, 2: 0, 3: 0, 4: 0}",1
533,False,"{'a': 0.4, 'e': 0.008077144280146201}",20,14,13.478282118380452,"{0: 6, 1: 0, 2: 0, 3: 0, 4: 0}",1
534,False,"{'a': 0.4, 'e': 0.008004449981624886}",20,13,13.743150130195087,"{0: 7, 1: 0, 2: 0, 3: 0, 4: 0}",1
535,False,"{'a': 0.4, 'e': 0.007932409931790263}",20,9,16.73140049847056,"{0: 11, 1: 0, 2: 0, 3: 0, 4: 0}",1
536,False,"{'a': 0.4, 'e': 0.00786101824240415}",25,20,9.344562517144173,"{0: 5, 1: 0, 2: 0, 3: 0, 4: 0}",1
537,False,"{'a': 0.4, 'e': 0.0077902690782225125}",25,16,16.762145083470315,"{0: 9, 1: 0, 2: 0, 3: 0, 4: 0}",1
538,False,"{'a': 0.4, 'e': 0.00772015665651851}",30,16,28.103563224426477,"{0: 14, 1: 0, 2: 0, 3: 0, 4: 0}",1
539,False,"{'a': 0.4, 'e': 0.007650675246609844}",20,14,13.152050599204884,"{0: 6, 1: 0, 2: 0, 3: 0, 4: 0}",1
540,False,"{'a': 0.4, 'e': 0.007581819169390355}",30,22,16.299886048586988,"{0: 8, 1: 0, 2: 0, 3: 0, 4: 0}",1
541,False,"{'a': 0.4, 'e': 0.007513582796865842}",20,16,6.189104143508475,"{0: 4, 1: 0, 2: 0, 3: 0, 4: 0}",1
542,False,"{'a': 0.4, 'e': 0.0074459605516940496}",25,11,29.48727750398165,"{0: 14, 1: 0, 2: 0, 3: 0, 4: 0}",1
543,False,"{'a': 0.4, 'e': 0.007378946906728803}",20,9,22.60534693271064,"{0: 11, 1: 0, 2: 0, 3: 0, 4: 0}",1
544,False,"{'a': 0.4, 'e': 0.007312536384568244}",20,10,22.790248549272963,"{0: 10, 1: 0, 2: 0, 3: 0, 4: 0}",1
545,False,"{'a': 0.4, 'e': 0.00724672355710713}",25,12,25.301866985320626,"{0: 13, 1: 0, 2: 0, 3: 0, 4: 0}",1
546,False,"{'a': 0.4, 'e': 0.007181503045093166}",20,13,12.943758992471134,"{0: 7, 1: 0, 2: 0, 3: 0, 4: 0}",1
547,False,"{'a': 0.4, 'e': 0.0071168695176873275}",25,19,12.865280114626257,"{0: 6, 1: 0, 2: 0, 3: 0, 4: 0}",1
548,False,"{'a': 0.4, 'e': 0.007052817692028142}",20,11,19.27745844625242,"{0: 9, 1: 0, 2: 0, 3: 0, 4: 0}",1
549,False,"{'a': 0.4, 'e': 0.006989342332799888}",20,4,29.482566990554027,"{0: 16, 1: 0, 2: 0, 3: 0, 4: 0}",1
550,False,"{'a': 0.4, 'e': 0.006926438251804689}",25,6,19.327389201647073,"{0: 18, 1: 0, 2: 1, 3: 0, 4: 0}",1
551,False,"{'a': 0.4, 'e': 0.006864100307538447}",25,15,15.597693816670752,"{0: 10, 1: 0, 2: 0, 3: 0, 4: 0}",1
552,False,"{'a': 0.4, 'e': 0.006802323404770601}",20,9,17.974137188760842,"{0: 11, 1: 0, 2: 0, 3: 0, 4: 0}",1
553,False,"{'a': 0.4, 'e': 0.0067411024941276656}",20,6,-16.30152229385908,"{0: 13, 1: 0, 2: 0, 3: 0, 4: 1}",1
554,False,"{'a': 0.4, 'e': 0.006680432571680516}",25,14,24.938717979913537,"{0: 11, 1: 0, 2: 0, 3: 0, 4: 0}",1
555,False,"{'a': 0.4, 'e': 0.006620308678535392}",25,7,31.40457495645481,"{0: 18, 1: 0, 2: 0, 3: 0, 4: 0}",1
556,False,"{'a': 0.4, 'e': 0.006560725900428574}",25,14,23.170392381445833,"{0: 11, 1: 0, 2: 0, 3: 0, 4: 0}",1
557,False,"{'a': 0.4, 'e': 0.0065016793673247164}",20,6,25.543836114118104,"{0: 14, 1: 0, 2: 0, 3: 0, 4: 0}",1
558,False,"{'a': 0.4, 'e': 0.006443164253018794}",25,14,20.308400428539244,"{0: 11, 1: 0, 2: 0, 3: 0, 4: 0}",1
559,False,"{'a': 0.4, 'e': 0.006385175774741625}",30,18,26.135807376357263,"{0: 12, 1: 0, 2: 0, 3: 0, 4: 0}",1
560,False,"{'a': 0.4, 'e': 0.00632770919276895}",25,8,33.716161941422534,"{0: 17, 1: 0, 2: 0, 3: 0, 4: 0}",1
561,False,"{'a': 0.4, 'e': 0.006270759810034029}",30,10,39.68660215339493,"{0: 20, 1: 0, 2: 0, 3: 0, 4: 0}",1
562,False,"{'a': 0.4, 'e': 0.006214322971743723}",25,7,31.234711547194145,"{0: 18, 1: 0, 2: 0, 3: 0, 4: 0}",1
563,False,"{'a': 0.4, 'e': 0.00615839406499803}",20,4,33.762600525452584,"{0: 16, 1: 0, 2: 0, 3: 0, 4: 0}",1
564,False,"{'a': 0.4, 'e': 0.006102968518413047}",25,11,29.227860113807562,"{0: 14, 1: 0, 2: 0, 3: 0, 4: 0}",1
565,False,"{'a': 0.4, 'e': 0.00604804180174733}",35,15,38.16171038250965,"{0: 20, 1: 0, 2: 0, 3: 0, 4: 0}",1
566,False,"{'a': 0.4, 'e': 0.0059936094255316034}",20,6,23.241770410692723,"{0: 14, 1: 0, 2: 0, 3: 0, 4: 0}",1
567,False,"{'a': 0.4, 'e': 0.005939666940701819}",20,10,17.63386899081083,"{0: 10, 1: 0, 2: 0, 3: 0, 4: 0}",1
568,False,"{'a': 0.4, 'e': 0.005886209938235503}",25,18,15.60685585109772,"{0: 7, 1: 0, 2: 0, 3: 0, 4: 0}",1
569,False,"{'a': 0.4, 'e': 0.005833234048791384}",30,23,13.062607388468434,"{0: 7, 1: 0, 2: 0, 3: 0, 4: 0}",1
570,False,"{'a': 0.4, 'e': 0.005780734942352261}",25,15,20.004055940437,"{0: 10, 1: 0, 2: 0, 3: 0, 4: 0}",1
571,False,"{'a': 0.4, 'e': 0.005728708327871091}",25,15,22.77622459985593,"{0: 10, 1: 0, 2: 0, 3: 0, 4: 0}",1
572,False,"{'a': 0.4, 'e': 0.005677149952920252}",20,8,20.728938026142323,"{0: 12, 1: 0, 2: 0, 3: 0, 4: 0}",1
573,False,"{'a': 0.4, 'e': 0.005626055603343969}",20,16,8.888723917630687,"{0: 4, 1: 0, 2: 0, 3: 0, 4: 0}",1
574,False,"{'a': 0.4, 'e': 0.005575421102913873}",25,15,18.693171161768074,"{0: 10, 1: 0, 2: 0, 3: 0, 4: 0}",1
575,False,"{'a': 0.4, 'e': 0.0055252423129876485}",20,13,11.831138728090883,"{0: 7, 1: 0, 2: 0, 3: 0, 4: 0}",1
576,False,"{'a': 0.4, 'e': 0.00547551513217076}",20,15,10.240052652897003,"{0: 5, 1: 0, 2: 0, 3: 0, 4: 0}",1
577,False,"{'a': 0.4, 'e': 0.005426235495981223}",25,18,15.093741418398666,"{0: 7, 1: 0, 2: 0, 3: 0, 4: 0}",1
578,False,"{'a': 0.4, 'e': 0.005377399376517392}",35,25,17.126308733094927,"{0: 10, 1: 0, 2: 0, 3: 0, 4: 0}",1
579,False,"{'a': 0.4, 'e': 0.005329002782128735}",20,14,9.806897276436262,"{0: 6, 1: 0, 2: 0, 3: 0, 4: 0}",1
580,False,"{'a': 0.4, 'e': 0.005281041757089577}",25,11,24.156904248665427,"{0: 14, 1: 0, 2: 0, 3: 0, 4: 0}",1
581,False,"{'a': 0.4, 'e': 0.0052335123812757706}",20,8,21.596717532535592,"{0: 12, 1: 0, 2: 0, 3: 0, 4: 0}",1
582,False,"{'a': 0.4, 'e': 0.005186410769844289}",20,0,31.082537677668302,"{0: 20, 1: 0, 2: 0, 3: 0, 4: 0}",0
583,False,"{'a': 0.4, 'e': 0.0051397330729156905}",20,14,10.033519225484323,"{0: 6, 1: 0, 2: 0, 3: 0, 4: 0}",1
584,False,"{'a': 0.4, 'e': 0.005093475475259449}",25,12,19.420466204543274,"{0: 13, 1: 0, 2: 0, 3: 0, 4: 0}",1
585,False,"{'a': 0.4, 'e': 0.005047634195982114}",25,17,15.931524039471395,"{0: 8, 1: 0, 2: 0, 3: 0, 4: 0}",1
586,False,"{'a': 0.4, 'e': 0.005002205488218275}",30,14,28.943730020620702,"{0: 16, 1: 0, 2: 0, 3: 0, 4: 0}",1
587,False,"{'a': 0.4, 'e': 0.0049571856388243105}",20,0,37.694610966032236,"{0: 20, 1: 0, 2: 0, 3: 0, 4: 0}",0
588,False,"{'a': 0.4, 'e': 0.004912570968074892}",20,12,14.038435157318744,"{0: 8, 1: 0, 2: 0, 3: 0, 4: 0}",1
589,False,"{'a': 0.4, 'e': 0.004868357829362218}",25,15,18.095652404718294,"{0: 10, 1: 0, 2: 0, 3: 0, 4: 0}",1
590,False,"{'a': 0.4, 'e': 0.004824542608897958}",20,12,15.766235762597905,"{0: 8, 1: 0, 2: 0, 3: 0, 4: 0}",1
591,False,"{'a': 0.4, 'e': 0.004781121725417877}",25,12,24.57839706703127,"{0: 13, 1: 0, 2: 0, 3: 0, 4: 0}",1
592,False,"{'a': 0.4, 'e': 0.004738091629889116}",25,14,20.562290319462573,"{0: 11, 1: 0, 2: 0, 3: 0, 4: 0}",1
593,False,"{'a': 0.4, 'e': 0.004695448805220114}",25,17,8.573188819591534,"{0: 7, 1: 1, 2: 0, 3: 0, 4: 0}",1
594,False,"{'a': 0.4, 'e': 0.004653189765973133}",20,11,17.23983035323488,"{0: 9, 1: 0, 2: 0, 3: 0, 4: 0}",1
595,False,"{'a': 0.4, 'e': 0.004611311058079375}",20,5,28.30446618387342,"{0: 15, 1: 0, 2: 0, 3: 0, 4: 0}",1
596,False,"{'a': 0.4, 'e': 0.004569809258556661}",25,11,25.211704026111374,"{0: 14, 1: 0, 2: 0, 3: 0, 4: 0}",1
597,False,"{'a': 0.4, 'e': 0.004528680975229651}",25,12,22.304921955487856,"{0: 13, 1: 0, 2: 0, 3: 0, 4: 0}",1
598,False,"{'a': 0.4, 'e': 0.0044879228464525835}",20,10,15.81934164772324,"{0: 10, 1: 0, 2: 0, 3: 0, 4: 0}",1
599,False,"{'a': 0.4, 'e': 0.00444753154083451}",30,23,9.983197860189286,"{0: 7, 1: 0, 2: 0, 3: 0, 4: 0}",1
600,False,"{'a': 0.4, 'e': 0.004407503756967}",20,16,6.984125716084315,"{0: 4, 1: 0, 2: 0, 3: 0, 4: 0}",1
601,False,"{'a': 0.4, 'e': 0.004367836223154296}",25,8,24.11516715567282,"{0: 17, 1: 0, 2: 0, 3: 0, 4: 0}",1
602,False,"{'a': 0.4, 'e': 0.004328525697145908}",20,11,17.353475805812185,"{0: 9, 1: 0, 2: 0, 3: 0, 4: 0}",1
603,False,"{'a': 0.4, 'e': 0.004289568965871594}",25,11,26.17429301245009,"{0: 14, 1: 0, 2: 0, 3: 0, 4: 0}",1
604,False,"{'a': 0.4, 'e': 0.0042509628451787495}",20,4,27.11203000094096,"{0: 16, 1: 0, 2: 0, 3: 0, 4: 0}",1
605,False,"{'a': 0.4, 'e': 0.00421270417957214}",20,16,7.371781854950729,"{0: 4, 1: 0, 2: 0, 3: 0, 4: 0}",1
606,False,"{'a': 0.4, 'e': 0.004174789841955991}",20,13,13.384657497418479,"{0: 7, 1: 0, 2: 0, 3: 0, 4: 0}",1
607,False,"{'a': 0.4, 'e': 0.004137216733378387}",20,11,18.087448905463962,"{0: 9, 1: 0, 2: 0, 3: 0, 4: 0}",1
608,False,"{'a': 0.4, 'e': 0.004099981782777981}",20,15,9.49633241684105,"{0: 5, 1: 0, 2: 0, 3: 0, 4: 0}",1
609,False,"{'a': 0.4, 'e': 0.00406308194673298}",25,19,11.229529423826868,"{0: 6, 1: 0, 2: 0, 3: 0, 4: 0}",1
610,False,"{'a': 0.4, 'e': 0.004026514209212383}",20,7,21.069617417183284,"{0: 13, 1: 0, 2: 0, 3: 0, 4: 0}",1
611,False,"{'a': 0.4, 'e': 0.003990275581329471}",35,21,26.674407674786686,"{0: 14, 1: 0, 2: 0, 3: 0, 4: 0}",1
612,False,"{'a': 0.4, 'e': 0.003954363101097506}",30,19,22.767534045717547,"{0: 11, 1: 0, 2: 0, 3: 0, 4: 0}",1
613,False,"{'a': 0.4, 'e': 0.003918773833187629}",20,4,27.986833852068923,"{0: 16, 1: 0, 2: 0, 3: 0, 4: 0}",1
614,False,"{'a': 0.4, 'e': 0.00388350486868894}",20,16,4.881077428785838,"{0: 4, 1: 0, 2: 0, 3: 0, 4: 0}",1
615,False,"{'a': 0.4, 'e': 0.0038485533248707395}",25,20,8.306145136216664,"{0: 5, 1: 0, 2: 0, 3: 0, 4: 0}",1
616,False,"{'a': 0.4, 'e': 0.0038139163449469027}",30,3,48.58246406507797,"{0: 27, 1: 0, 2: 0, 3: 0, 4: 0}",1
617,False,"{'a': 0.4, 'e': 0.0037795910978423806}",20,10,17.756715032107337,"{0: 10, 1: 0, 2: 0, 3: 0, 4: 0}",1
618,False,"{'a': 0.4, 'e': 0.0037455747779617994}",20,13,14.077810315726229,"{0: 7, 1: 0, 2: 0, 3: 0, 4: 0}",1
619,False,"{'a': 0.4, 'e': 0.0037118646049601432}",20,11,17.10525654652471,"{0: 9, 1: 0, 2: 0, 3: 0, 4: 0}",1
620,False,"{'a': 0.4, 'e': 0.003678457823515502}",35,21,24.906117068000377,"{0: 14, 1: 0, 2: 0, 3: 0, 4: 0}",1
621,False,"{'a': 0.4, 'e': 0.0036453517031038623}",30,19,9.509185458934986,"{0: 10, 1: 0, 2: 1, 3: 0, 4: 0}",1
622,False,"{'a': 0.4, 'e': 0.0036125435377759277}",20,16,8.737341039453192,"{0: 4, 1: 0, 2: 0, 3: 0, 4: 0}",1
623,False,"{'a': 0.4, 'e': 0.003580030645935944}",25,11,27.50840477721201,"{0: 14, 1: 0, 2: 0, 3: 0, 4: 0}",1
624,False,"{'a': 0.4, 'e': 0.0035478103701225205}",20,14,9.383273870321265,"{0: 6, 1: 0, 2: 0, 3: 0, 4: 0}",1
625,False,"{'a': 0.4, 'e': 0.0035158800767914177}",25,0,37.75889069865732,"{0: 25, 1: 0, 2: 0, 3: 0, 4: 0}",0
626,False,"{'a': 0.4, 'e': 0.003484237156100295}",30,13,29.189060719289586,"{0: 17, 1: 0, 2: 0, 3: 0, 4: 0}",1
627,False,"{'a': 0.4, 'e': 0.0034528790216953923}",20,12,14.98987773840281,"{0: 8, 1: 0, 2: 0, 3: 0, 4: 0}",1
628,False,"{'a': 0.4, 'e': 0.003421803110500134}",30,10,40.47386660753216,"{0: 20, 1: 0, 2: 0, 3: 0, 4: 0}",1
629,False,"{'a': 0.4, 'e': 0.0033910068825056326}",20,8,19.972601761213355,"{0: 12, 1: 0, 2: 0, 3: 0, 4: 0}",1
630,False,"{'a': 0.4, 'e': 0.003360487820563082}",20,14,14.172993383021005,"{0: 6, 1: 0, 2: 0, 3: 0, 4: 0}",1
631,False,"{'a': 0.4, 'e': 0.0033302434301780144}",20,14,11.784459075034983,"{0: 6, 1: 0, 2: 0, 3: 0, 4: 0}",1
632,False,"{'a': 0.4, 'e': 0.0033002712393064124}",20,16,6.062731592422936,"{0: 4, 1: 0, 2: 0, 3: 0, 4: 0}",1
633,False,"{'a': 0.4, 'e': 0.003270568798152655}",20,8,25.262488129526943,"{0: 12, 1: 0, 2: 0, 3: 0, 4: 0}",1
634,False,"{'a': 0.4, 'e': 0.0032411336789692807}",30,13,29.63660990461135,"{0: 17, 1: 0, 2: 0, 3: 0, 4: 0}",1
635,False,"{'a': 0.4, 'e': 0.0032119634758585574}",20,10,16.075591371930265,"{0: 10, 1: 0, 2: 0, 3: 0, 4: 0}",1
636,False,"{'a': 0.4, 'e': 0.00318305580457583}",20,10,17.98814233795067,"{0: 10, 1: 0, 2: 0, 3: 0, 4: 0}",1
637,False,"{'a': 0.4, 'e': 0.003154408302334648}",25,11,24.84573091537522,"{0: 14, 1: 0, 2: 0, 3: 0, 4: 0}",1
638,False,"{'a': 0.4, 'e': 0.003126018627613636}",20,11,16.33451556633035,"{0: 9, 1: 0, 2: 0, 3: 0, 4: 0}",1
639,False,"{'a': 0.4, 'e': 0.0030978844599651133}",20,10,16.57892809858745,"{0: 10, 1: 0, 2: 0, 3: 0, 4: 0}",1
640,False,"{'a': 0.4, 'e': 0.003070003499825427}",30,7,38.96343022829554,"{0: 23, 1: 0, 2: 0, 3: 0, 4: 0}",1
641,False,"{'a': 0.4, 'e': 0.0030423734683269984}",20,14,10.105660701279705,"{0: 6, 1: 0, 2: 0, 3: 0, 4: 0}",1
642,False,"{'a': 0.4, 'e': 0.0030149921071120555}",30,11,35.82144227874344,"{0: 19, 1: 0, 2: 0, 3: 0, 4: 0}",1
643,False,"{'a': 0.4, 'e': 0.002987857178148047}",20,2,31.077787872354094,"{0: 18, 1: 0, 2: 0, 3: 0, 4: 0}",1
644,False,"{'a': 0.4, 'e': 0.0029609664635447145}",25,12,24.46305193250606,"{0: 13, 1: 0, 2: 0, 3: 0, 4: 0}",1
645,False,"{'a': 0.4, 'e': 0.002934317765372812}",20,12,13.829552651126326,"{0: 8, 1: 0, 2: 0, 3: 0, 4: 0}",1
646,False,"{'a': 0.4, 'e': 0.002907908905484457}",30,16,24.473797606334053,"{0: 14, 1: 0, 2: 0, 3: 0, 4: 0}",1
647,False,"{'a': 0.4, 'e': 0.0028817377253350968}",20,8,23.285941352913316,"{0: 12, 1: 0, 2: 0, 3: 0, 4: 0}",1
648,False,"{'a': 0.4, 'e': 0.002855802085807081}",20,13,12.644300953539824,"{0: 7, 1: 0, 2: 0, 3: 0, 4: 0}",1
649,False,"{'a': 0.4, 'e': 0.002830099867034817}",20,9,16.824067510843992,"{0: 11, 1: 0, 2: 0, 3: 0, 4: 0}",1
650,False,"{'a': 0.4, 'e': 0.0028046289682315036}",30,8,41.723900148678545,"{0: 22, 1: 0, 2: 0, 3: 0, 4: 0}",1
651,False,"{'a': 0.4, 'e': 0.0027793873075174203}",20,16,9.46399879252007,"{0: 4, 1: 0, 2: 0, 3: 0, 4: 0}",1
652,False,"{'a': 0.4, 'e': 0.0027543728217497634}",20,16,6.859073526371875,"{0: 4, 1: 0, 2: 0, 3: 0, 4: 0}",1
653,False,"{'a': 0.4, 'e': 0.0027295834663540156}",25,7,37.3664471205899,"{0: 18, 1: 0, 2: 0, 3: 0, 4: 0}",1
654,False,"{'a': 0.4, 'e': 0.0027050172151568295}",25,13,20.840868420755974,"{0: 12, 1: 0, 2: 0, 3: 0, 4: 0}",1
655,False,"{'a': 0.4, 'e': 0.002680672060220418}",35,22,26.664887643892538,"{0: 13, 1: 0, 2: 0, 3: 0, 4: 0}",1
656,False,"{'a': 0.4, 'e': 0.0026565460116784343}",20,11,14.955809404549095,"{0: 9, 1: 0, 2: 0, 3: 0, 4: 0}",1
657,False,"{'a': 0.4, 'e': 0.0026326370975733285}",25,18,11.84392441441397,"{0: 7, 1: 0, 2: 0, 3: 0, 4: 0}",1
658,False,"{'a': 0.4, 'e': 0.0026089433636951685}",20,8,23.469959043555413,"{0: 12, 1: 0, 2: 0, 3: 0, 4: 0}",1
659,False,"{'a': 0.4, 'e': 0.002585462873421912}",30,16,27.486266757550343,"{0: 14, 1: 0, 2: 0, 3: 0, 4: 0}",1
660,False,"{'a': 0.4, 'e': 0.0025621937075611147}",20,14,12.025471554439651,"{0: 6, 1: 0, 2: 0, 3: 0, 4: 0}",1
661,False,"{'a': 0.4, 'e': 0.0025391339641930646}",20,15,7.193564751478277,"{0: 5, 1: 0, 2: 0, 3: 0, 4: 0}",1
662,False,"{'a': 0.4, 'e': 0.002516281758515327}",20,12,10.45028125493517,"{0: 8, 1: 0, 2: 0, 3: 0, 4: 0}",1
663,False,"{'a': 0.4, 'e': 0.002493635222688689}",20,10,20.006346470522846,"{0: 10, 1: 0, 2: 0, 3: 0, 4: 0}",1
664,False,"{'a': 0.4, 'e': 0.0024711925056844905}",20,11,14.390289167173623,"{0: 9, 1: 0, 2: 0, 3: 0, 4: 0}",1
665,False,"{'a': 0.4, 'e': 0.00244895177313333}",30,4,38.819187963956416,"{0: 26, 1: 0, 2: 0, 3: 0, 4: 0}",1
666,False,"{'a': 0.4, 'e': 0.00242691120717513}",20,10,14.35833389833825,"{0: 10, 1: 0, 2: 0, 3: 0, 4: 0}",1
667,False,"{'a': 0.4, 'e': 0.0024050690063105538}",20,10,17.791707468963946,"{0: 10, 1: 0, 2: 0, 3: 0, 4: 0}",1
668,False,"{'a': 0.4, 'e': 0.002383423385253759}",30,18,25.180787296927566,"{0: 12, 1: 0, 2: 0, 3: 0, 4: 0}",1
669,False,"{'a': 0.4, 'e': 0.0023619725747864753}",35,26,16.42021997637426,"{0: 9, 1: 0, 2: 0, 3: 0, 4: 0}",1
670,False,"{'a': 0.4, 'e': 0.002340714821613397}",20,6,22.12583424153526,"{0: 14, 1: 0, 2: 0, 3: 0, 4: 0}",1
671,False,"{'a': 0.4, 'e': 0.0023196483882188764}",20,6,26.880129888881374,"{0: 14, 1: 0, 2: 0, 3: 0, 4: 0}",1
672,False,"{'a': 0.4, 'e': 0.0022987715527249064}",35,21,30.139123657971062,"{0: 14, 1: 0, 2: 0, 3: 0, 4: 0}",1
673,False,"{'a': 0.4, 'e': 0.0022780826087503824}",25,11,29.006131558200252,"{0: 14, 1: 0, 2: 0, 3: 0, 4: 0}",1
674,False,"{'a': 0.4, 'e': 0.002257579865271629}",25,3,22.063750232860947,"{0: 21, 1: 0, 2: 1, 3: 0, 4: 0}",1
675,False,"{'a': 0.4, 'e': 0.0022372616464841843}",30,16,26.945524573989704,"{0: 14, 1: 0, 2: 0, 3: 0, 4: 0}",1
676,False,"{'a': 0.4, 'e': 0.0022171262916658267}",20,14,11.842943524057542,"{0: 6, 1: 0, 2: 0, 3: 0, 4: 0}",1
677,False,"{'a': 0.4, 'e': 0.002197172155040834}",25,19,12.779753890142878,"{0: 6, 1: 0, 2: 0, 3: 0, 4: 0}",1
678,False,"{'a': 0.4, 'e': 0.0021773976056454667}",25,19,13.788342588218057,"{0: 6, 1: 0, 2: 0, 3: 0, 4: 0}",1
679,False,"{'a': 0.4, 'e': 0.0021578010271946575}",25,12,21.574186894965944,"{0: 13, 1: 0, 2: 0, 3: 0, 4: 0}",1
680,False,"{'a': 0.4, 'e': 0.0021383808179499058}",20,10,17.709660449414475,"{0: 10, 1: 0, 2: 0, 3: 0, 4: 0}",1
681,False,"{'a': 0.4, 'e': 0.0021191353905883567}",20,11,17.79213017200204,"{0: 9, 1: 0, 2: 0, 3: 0, 4: 0}",1
682,False,"{'a': 0.4, 'e': 0.0021000631720730616}",35,13,45.06502386512032,"{0: 22, 1: 0, 2: 0, 3: 0, 4: 0}",1
683,False,"{'a': 0.4, 'e': 0.002081162603524404}",20,13,13.883390796333451,"{0: 7, 1: 0, 2: 0, 3: 0, 4: 0}",1
684,False,"{'a': 0.4, 'e': 0.0020624321400926847}",20,6,26.18199555849116,"{0: 14, 1: 0, 2: 0, 3: 0, 4: 0}",1
685,False,"{'a': 0.4, 'e': 0.0020438702508318507}",25,17,17.26189623470687,"{0: 8, 1: 0, 2: 0, 3: 0, 4: 0}",1
686,False,"{'a': 0.4, 'e': 0.002025475418574364}",25,10,31.292374161560414,"{0: 15, 1: 0, 2: 0, 3: 0, 4: 0}",1
687,False,"{'a': 0.4, 'e': 0.0020072461398071948}",25,18,11.030273681780649,"{0: 7, 1: 0, 2: 0, 3: 0, 4: 0}",1
688,False,"{'a': 0.4, 'e': 0.00198918092454893}",25,13,22.851844048211518,"{0: 12, 1: 0, 2: 0, 3: 0, 4: 0}",1
689,False,"{'a': 0.4, 'e': 0.00197127829622799}",20,10,16.90275128462202,"{0: 10, 1: 0, 2: 0, 3: 0, 4: 0}",1
690,False,"{'a': 0.4, 'e': 0.001953536791561938}",20,9,25.013078710126592,"{0: 11, 1: 0, 2: 0, 3: 0, 4: 0}",1
691,False,"{'a': 0.4, 'e': 0.0019359549604378806}",20,2,22.88925754814545,"{0: 18, 1: 0, 2: 0, 3: 0, 4: 0}",1
692,False,"{'a': 0.4, 'e': 0.0019185313657939396}",35,25,18.43902380397918,"{0: 10, 1: 0, 2: 0, 3: 0, 4: 0}",1
693,False,"{'a': 0.4, 'e': 0.0019012645835017941}",35,13,40.31707354063284,"{0: 22, 1: 0, 2: 0, 3: 0, 4: 0}",1
694,False,"{'a': 0.4, 'e': 0.001884153202250278}",20,16,6.43163364154136,"{0: 4, 1: 0, 2: 0, 3: 0, 4: 0}",1
695,False,"{'a': 0.4, 'e': 0.0018671958234300254}",30,13,33.016359398899894,"{0: 17, 1: 0, 2: 0, 3: 0, 4: 0}",1
696,False,"{'a': 0.4, 'e': 0.0018503910610191553}",20,6,26.959112324341476,"{0: 14, 1: 0, 2: 0, 3: 0, 4: 0}",1
697,False,"{'a': 0.4, 'e': 0.0018337375414699828}",20,11,18.098682076089155,"{0: 9, 1: 0, 2: 0, 3: 0, 4: 0}",1
698,False,"{'a': 0.4, 'e': 0.0018172339035967529}",20,4,28.110453348762096,"{0: 16, 1: 0, 2: 0, 3: 0, 4: 0}",1
699,False,"{'a': 0.4, 'e': 0.0018008787984643822}",25,2,39.311365029215644,"{0: 23, 1: 0, 2: 0, 3: 0, 4: 0}",1
700,False,"{'a': 0.4, 'e': 0.0017846708892782026}",20,8,16.08939095795601,"{0: 12, 1: 0, 2: 0, 3: 0, 4: 0}",1
701,False,"{'a': 0.4, 'e': 0.0017686088512746988}",30,17,27.86162712903146,"{0: 13, 1: 0, 2: 0, 3: 0, 4: 0}",1
702,False,"{'a': 0.4, 'e': 0.0017526913716132265}",25,17,14.898655814539747,"{0: 8, 1: 0, 2: 0, 3: 0, 4: 0}",1
703,False,"{'a': 0.4, 'e': 0.0017369171492687076}",30,24,11.664699873965256,"{0: 6, 1: 0, 2: 0, 3: 0, 4: 0}",1
704,False,"{'a': 0.4, 'e': 0.0017212848949252893}",20,6,24.526077281070783,"{0: 14, 1: 0, 2: 0, 3: 0, 4: 0}",1
705,False,"{'a': 0.4, 'e': 0.0017057933308709616}",20,11,14.604735200771115,"{0: 9, 1: 0, 2: 0, 3: 0, 4: 0}",1
706,False,"{'a': 0.4, 'e': 0.001690441190893123}",20,11,18.500804880640736,"{0: 9, 1: 0, 2: 0, 3: 0, 4: 0}",1
707,False,"{'a': 0.4, 'e': 0.0016752272201750848}",25,20,9.000926294276116,"{0: 5, 1: 0, 2: 0, 3: 0, 4: 0}",1
708,False,"{'a': 0.4, 'e': 0.001660150175193509}",20,13,13.23794788486365,"{0: 7, 1: 0, 2: 0, 3: 0, 4: 0}",1
709,False,"{'a': 0.4, 'e': 0.0016452088236167675}",20,5,28.084602294055497,"{0: 15, 1: 0, 2: 0, 3: 0, 4: 0}",1
710,False,"{'a': 0.4, 'e': 0.0016304019442042166}",20,8,18.617418749127026,"{0: 12, 1: 0, 2: 0, 3: 0, 4: 0}",1
711,False,"{'a': 0.4, 'e': 0.0016157283267063786}",20,14,11.143954950482257,"{0: 6, 1: 0, 2: 0, 3: 0, 4: 0}",1
712,False,"{'a': 0.4, 'e': 0.0016011867717660212}",30,16,24.728853471499104,"{0: 14, 1: 0, 2: 0, 3: 0, 4: 0}",1
713,False,"{'a': 0.4, 'e': 0.001586776090820127}",25,13,25.433346559190866,"{0: 12, 1: 0, 2: 0, 3: 0, 4: 0}",1
714,False,"{'a': 0.4, 'e': 0.001572495106002746}",20,5,26.382608540930132,"{0: 15, 1: 0, 2: 0, 3: 0, 4: 0}",1
715,False,"{'a': 0.4, 'e': 0.0015583426500487213}",20,6,25.220931300083922,"{0: 14, 1: 0, 2: 0, 3: 0, 4: 0}",1
716,False,"{'a': 0.4, 'e': 0.0015443175661982828}",25,16,20.87797527548762,"{0: 9, 1: 0, 2: 0, 3: 0, 4: 0}",1
717,False,"{'a': 0.4, 'e': 0.0015304187081024983}",25,8,31.81106620406093,"{0: 17, 1: 0, 2: 0, 3: 0, 4: 0}",1
718,False,"{'a': 0.4, 'e': 0.0015166449397295758}",25,16,19.075216208540432,"{0: 9, 1: 0, 2: 0, 3: 0, 4: 0}",1
719,False,"{'a': 0.4, 'e': 0.0015029951352720095}",20,12,13.859136238385545,"{0: 8, 1: 0, 2: 0, 3: 0, 4: 0}",1
720,False,"{'a': 0.4, 'e': 0.0014894681790545614}",25,15,16.5780737918033,"{0: 10, 1: 0, 2: 0, 3: 0, 4: 0}",1
721,False,"{'a': 0.4, 'e': 0.0014760629654430703}",30,18,24.556099982783508,"{0: 12, 1: 0, 2: 0, 3: 0, 4: 0}",1
722,False,"{'a': 0.4, 'e': 0.0014627783987540828}",25,15,18.128698016081717,"{0: 10, 1: 0, 2: 0, 3: 0, 4: 0}",1
723,False,"{'a': 0.4, 'e': 0.001449613393165296}",20,10,17.761997485982494,"{0: 10, 1: 0, 2: 0, 3: 0, 4: 0}",1
724,False,"{'a': 0.4, 'e': 0.0014365668726268085}",20,16,7.78256596862403,"{0: 4, 1: 0, 2: 0, 3: 0, 4: 0}",1
725,False,"{'a': 0.4, 'e': 0.0014236377707731672}",20,14,11.197343081616436,"{0: 6, 1: 0, 2: 0, 3: 0, 4: 0}",1
726,False,"{'a': 0.4, 'e': 0.0014108250308362087}",20,8,24.493064215347072,"{0: 12, 1: 0, 2: 0, 3: 0, 4: 0}",1
727,False,"{'a': 0.4, 'e': 0.0013981276055586827}",25,17,14.920938084742435,"{0: 8, 1: 0, 2: 0, 3: 0, 4: 0}",1
728,False,"{'a': 0.4, 'e': 0.0013855444571086546}",20,13,12.667412222002014,"{0: 7, 1: 0, 2: 0, 3: 0, 4: 0}",1
729,False,"{'a': 0.4, 'e': 0.0013730745569946767}",30,16,22.58029762528202,"{0: 14, 1: 0, 2: 0, 3: 0, 4: 0}",1
730,False,"{'a': 0.4, 'e': 0.0013607168859817245}",30,18,19.502120456102713,"{0: 12, 1: 0, 2: 0, 3: 0, 4: 0}",1
731,False,"{'a': 0.4, 'e': 0.001348470434007889}",20,8,23.505514758260368,"{0: 12, 1: 0, 2: 0, 3: 0, 4: 0}",1
732,False,"{'a': 0.4, 'e': 0.001336334200101818}",30,20,17.292247829962175,"{0: 10, 1: 0, 2: 0, 3: 0, 4: 0}",1
733,False,"{'a': 0.4, 'e': 0.0013243071923009016}",20,7,22.205350373881462,"{0: 13, 1: 0, 2: 0, 3: 0, 4: 0}",1
734,False,"{'a': 0.4, 'e': 0.0013123884275701935}",20,5,26.82375397896399,"{0: 15, 1: 0, 2: 0, 3: 0, 4: 0}",1
735,False,"{'a': 0.4, 'e': 0.0013005769317220618}",20,14,9.312857308410745,"{0: 6, 1: 0, 2: 0, 3: 0, 4: 0}",1
736,False,"{'a': 0.4, 'e': 0.0012888717393365634}",35,23,24.597115706042178,"{0: 12, 1: 0, 2: 0, 3: 0, 4: 0}",1
737,False,"{'a': 0.4, 'e': 0.0012772718936825342}",30,23,13.951570821516817,"{0: 7, 1: 0, 2: 0, 3: 0, 4: 0}",1
738,False,"{'a': 0.4, 'e': 0.0012657764466393914}",25,20,10.70748286277225,"{0: 5, 1: 0, 2: 0, 3: 0, 4: 0}",1
739,False,"{'a': 0.4, 'e': 0.001254384458619637}",20,5,24.289174877552846,"{0: 15, 1: 0, 2: 0, 3: 0, 4: 0}",1
740,False,"{'a': 0.4, 'e': 0.0012430949984920602}",20,12,14.57774347300741,"{0: 8, 1: 0, 2: 0, 3: 0, 4: 0}",1
741,False,"{'a': 0.4, 'e': 0.0012319071435056316}",30,20,17.046881324598562,"{0: 10, 1: 0, 2: 0, 3: 0, 4: 0}",1
742,False,"{'a': 0.4, 'e': 0.0012208199792140809}",35,16,35.015951539960305,"{0: 19, 1: 0, 2: 0, 3: 0, 4: 0}",1
743,False,"{'a': 0.4, 'e': 0.001209832599401154}",20,11,15.8512602357449,"{0: 9, 1: 0, 2: 0, 3: 0, 4: 0}",1
744,False,"{'a': 0.4, 'e': 0.0011989441060065436}",30,20,17.57314445945651,"{0: 10, 1: 0, 2: 0, 3: 0, 4: 0}",1
745,False,"{'a': 0.4, 'e': 0.0011881536090524846}",25,18,14.714529933579925,"{0: 7, 1: 0, 2: 0, 3: 0, 4: 0}",1
746,False,"{'a': 0.4, 'e': 0.0011774602265710124}",30,14,33.54338570229493,"{0: 16, 1: 0, 2: 0, 3: 0, 4: 0}",1
747,False,"{'a': 0.4, 'e': 0.0011668630845318732}",20,9,21.53016693439669,"{0: 11, 1: 0, 2: 0, 3: 0, 4: 0}",1
748,False,"{'a': 0.4, 'e': 0.0011563613167710864}",20,15,14.32580313561699,"{0: 5, 1: 0, 2: 0, 3: 0, 4: 0}",1
749,False,"{'a': 0.4, 'e': 0.0011459540649201465}",20,14,10.697873020477749,"{0: 6, 1: 0, 2: 0, 3: 0, 4: 0}",1
750,False,"{'a': 0.4, 'e': 0.0011356404783358653}",25,4,34.42653215691409,"{0: 21, 1: 0, 2: 0, 3: 0, 4: 0}",1
751,False,"{'a': 0.4, 'e': 0.0011254197140308426}",20,9,22.813569118201052,"{0: 11, 1: 0, 2: 0, 3: 0, 4: 0}",1
752,False,"{'a': 0.4, 'e': 0.001115290936604565}",25,15,18.948616398678777,"{0: 10, 1: 0, 2: 0, 3: 0, 4: 0}",1
753,False,"{'a': 0.4, 'e': 0.0011052533181751239}",20,9,22.225827249843224,"{0: 11, 1: 0, 2: 0, 3: 0, 4: 0}",1
754,False,"{'a': 0.4, 'e': 0.0010953060383115478}",20,12,16.475453141434947,"{0: 8, 1: 0, 2: 0, 3: 0, 4: 0}",1
755,False,"{'a': 0.4, 'e': 0.001085448283966744}",20,3,32.21357874584991,"{0: 17, 1: 0, 2: 0, 3: 0, 4: 0}",1
756,False,"{'a': 0.4, 'e': 0.0010756792494110432}",20,12,14.919623406904275,"{0: 8, 1: 0, 2: 0, 3: 0, 4: 0}",1
757,False,"{'a': 0.4, 'e': 0.001065998136166344}",20,16,7.420647486752629,"{0: 4, 1: 0, 2: 0, 3: 0, 4: 0}",1
758,False,"{'a': 0.4, 'e': 0.0010564041529408468}",35,25,22.039949083132324,"{0: 10, 1: 0, 2: 0, 3: 0, 4: 0}",1
759,False,"{'a': 0.4, 'e': 0.0010468965155643792}",20,11,16.334410328092787,"{0: 9, 1: 0, 2: 0, 3: 0, 4: 0}",1
760,False,"{'a': 0.4, 'e': 0.0010374744469243}",20,10,17.954954894400252,"{0: 10, 1: 0, 2: 0, 3: 0, 4: 0}",1
761,False,"{'a': 0.4, 'e': 0.0010281371769019813}",20,9,21.86017106423729,"{0: 11, 1: 0, 2: 0, 3: 0, 4: 0}",1
762,False,"{'a': 0.4, 'e': 0.0010188839423098635}",25,11,28.113242393690534,"{0: 14, 1: 0, 2: 0, 3: 0, 4: 0}",1
763,False,"{'a': 0.4, 'e': 0.0010097139868290748}",20,13,14.517852030397101,"{0: 7, 1: 0, 2: 0, 3: 0, 4: 0}",1
764,False,"{'a': 0.4, 'e': 0.0010006265609476131}",25,15,18.328297246325107,"{0: 10, 1: 0, 2: 0, 3: 0, 4: 0}",1
765,False,"{'a': 0.4, 'e': 0.0009916209218990845}",20,6,23.679773272796893,"{0: 14, 1: 0, 2: 0, 3: 0, 4: 0}",1
1,True,"{'a': 0.0, 'e': 0.0}",25,11,26.577570374630596,"{0: 14, 1: 0, 2: 0, 3: 0, 4: 0}",1
2,True,"{'a': 0.0, 'e': 0.0}",20,16,8.763249619883803,"{0: 4, 1: 0, 2: 0, 3: 0, 4: 0}",1
3,True,"{'a': 0.0, 'e': 0.0}",20,14,11.215555742172183,"{0: 6, 1: 0, 2: 0, 3: 0, 4: 0}",1
4,True,"{'a': 0.0, 'e': 0.0}",35,21,27.304987251033882,"{0: 14, 1: 0, 2: 0, 3: 0, 4: 0}",1
5,True,"{'a': 0.0, 'e': 0.0}",30,14,32.17005790141202,"{0: 16, 1: 0, 2: 0, 3: 0, 4: 0}",1
6,True,"{'a': 0.0, 'e': 0.0}",25,16,18.006812693064518,"{0: 9, 1: 0, 2: 0, 3: 0, 4: 0}",1
7,True,"{'a': 0.0, 'e': 0.0}",20,14,12.921940919314853,"{0: 6, 1: 0, 2: 0, 3: 0, 4: 0}",1
8,True,"{'a': 0.0, 'e': 0.0}",30,12,37.33473729850216,"{0: 18, 1: 0, 2: 0, 3: 0, 4: 0}",1
9,True,"{'a': 0.0, 'e': 0.0}",25,15,19.443056181788904,"{0: 10, 1: 0, 2: 0, 3: 0, 4: 0}",1
10,True,"{'a': 0.0, 'e': 0.0}",25,15,17.338760464296886,"{0: 10, 1: 0, 2: 0, 3: 0, 4: 0}",1
11,True,"{'a': 0.0, 'e': 0.0}",25,12,25.809516781964078,"{0: 13, 1: 0, 2: 0, 3: 0, 4: 0}",1
12,True,"{'a': 0.0, 'e': 0.0}",25,13,24.972420488643838,"{0: 12, 1: 0, 2: 0, 3: 0, 4: 0}",1
13,True,"{'a': 0.0, 'e': 0.0}",30,19,21.720422067698284,"{0: 11, 1: 0, 2: 0, 3: 0, 4: 0}",1
14,True,"{'a': 0.0, 'e': 0.0}",25,17,15.799243327895685,"{0: 8, 1: 0, 2: 0, 3: 0, 4: 0}",1
15,True,"{'a': 0.0, 'e': 0.0}",25,12,27.733486643763957,"{0: 13, 1: 0, 2: 0, 3: 0, 4: 0}",1
16,True,"{'a': 0.0, 'e': 0.0}",20,12,16.75087674637389,"{0: 8, 1: 0, 2: 0, 3: 0, 4: 0}",1
17,True,"{'a': 0.0, 'e': 0.0}",25,2,37.84714150682663,"{0: 23, 1: 0, 2: 0, 3: 0, 4: 0}",1
18,True,"{'a': 0.0, 'e': 0.0}",25,16,19.080700413300367,"{0: 9, 1: 0, 2: 0, 3: 0, 4: 0}",1
19,True,"{'a': 0.0, 'e': 0.0}",20,16,8.740023513992643,"{0: 4, 1: 0, 2: 0, 3: 0, 4: 0}",1
20,True,"{'a': 0.0, 'e': 0.0}",20,9,22.1932018663339,"{0: 11, 1: 0, 2: 0, 3: 0, 4: 0}",1
21,True,"{'a': 0.0, 'e': 0.0}",25,18,12.288171751515367,"{0: 7, 1: 0, 2: 0, 3: 0, 4: 0}",1
22,True,"{'a': 0.0, 'e': 0.0}",25,9,25.007965080137474,"{0: 16, 1: 0, 2: 0, 3: 0, 4: 0}",1
23,True,"{'a': 0.0, 'e': 0.0}",20,12,15.235243719273639,"{0: 8, 1: 0, 2: 0, 3: 0, 4: 0}",1
24,True,"{'a': 0.0, 'e': 0.0}",20,14,15.46805919862566,"{0: 6, 1: 0, 2: 0, 3: 0, 4: 0}",1
25,True,"{'a': 0.0, 'e': 0.0}",30,20,22.50479098543387,"{0: 10, 1: 0, 2: 0, 3: 0, 4: 0}",1
26,True,"{'a': 0.0, 'e': 0.0}",25,10,32.86507525361078,"{0: 15, 1: 0, 2: 0, 3: 0, 4: 0}",1
27,True,"{'a': 0.0, 'e': 0.0}",20,3,28.07048739312532,"{0: 17, 1: 0, 2: 0, 3: 0, 4: 0}",1
28,True,"{'a': 0.0, 'e': 0.0}",25,9,29.072565454441573,"{0: 16, 1: 0, 2: 0, 3: 0, 4: 0}",1
29,True,"{'a': 0.0, 'e': 0.0}",20,9,20.505279831414896,"{0: 11, 1: 0, 2: 0, 3: 0, 4: 0}",1
30,True,"{'a': 0.0, 'e': 0.0}",20,10,20.95842141199213,"{0: 10, 1: 0, 2: 0, 3: 0, 4: 0}",1
31,True,"{'a': 0.0, 'e': 0.0}",25,15,18.046707769077628,"{0: 10, 1: 0, 2: 0, 3: 0, 4: 0}",1
32,True,"{'a': 0.0, 'e': 0.0}",20,11,16.856657674753794,"{0: 9, 1: 0, 2: 0, 3: 0, 4: 0}",1
33,True,"{'a': 0.0, 'e': 0.0}",30,22,16.069369301961945,"{0: 8, 1: 0, 2: 0, 3: 0, 4: 0}",1
34,True,"{'a': 0.0, 'e': 0.0}",20,15,10.346071053754706,"{0: 5, 1: 0, 2: 0, 3: 0, 4: 0}",1
35,True,"{'a': 0.0, 'e': 0.0}",25,18,12.574108340149811,"{0: 7, 1: 0, 2: 0, 3: 0, 4: 0}",1
36,True,"{'a': 0.0, 'e': 0.0}",25,8,29.999493899615718,"{0: 17, 1: 0, 2: 0, 3: 0, 4: 0}",1
37,True,"{'a': 0.0, 'e': 0.0}",20,10,18.10806582823316,"{0: 10, 1: 0, 2: 0, 3: 0, 4: 0}",1
38,True,"{'a': 0.0, 'e': 0.0}",20,9,22.432153406190494,"{0: 11, 1: 0, 2: 0, 3: 0, 4: 0}",1
39,True,"{'a': 0.0, 'e': 0.0}",25,19,9.388003681718896,"{0: 6, 1: 0, 2: 0, 3: 0, 4: 0}",1
40,True,"{'a': 0.0, 'e': 0.0}",20,10,21.116716782344277,"{0: 10, 1: 0, 2: 0, 3: 0, 4: 0}",1
41,True,"{'a': 0.0, 'e': 0.0}",30,16,26.59332113289108,"{0: 14, 1: 0, 2: 0, 3: 0, 4: 0}",1
42,True,"{'a': 0.0, 'e': 0.0}",20,0,31.706450158641015,"{0: 20, 1: 0, 2: 0, 3: 0, 4: 0}",1
43,True,"{'a': 0.0, 'e': 0.0}",20,3,24.757085797077224,"{0: 17, 1: 0, 2: 0, 3: 0, 4: 0}",1
44,True,"{'a': 0.0, 'e': 0.0}",30,13,29.63359412372744,"{0: 17, 1: 0, 2: 0, 3: 0, 4: 0}",1
45,True,"{'a': 0.0, 'e': 0.0}",30,10,34.352722989312795,"{0: 20, 1: 0, 2: 0, 3: 0, 4: 0}",1
46,True,"{'a': 0.0, 'e': 0.0}",30,16,26.603591715251888,"{0: 14, 1: 0, 2: 0, 3: 0, 4: 0}",1
47,True,"{'a': 0.0, 'e': 0.0}",30,20,19.566415337530433,"{0: 10, 1: 0, 2: 0, 3: 0, 4: 0}",1
48,True,"{'a': 0.0, 'e': 0.0}",20,8,25.680323046364556,"{0: 12, 1: 0, 2: 0, 3: 0, 4: 0}",1
49,True,"{'a': 0.0, 'e': 0.0}",20,14,9.049635828796795,"{0: 6, 1: 0, 2: 0, 3: 0, 4: 0}",1
50,True,"{'a': 0.0, 'e': 0.0}",20,14,9.367940622374768,"{0: 6, 1: 0, 2: 0, 3: 0, 4: 0}",1
